{
  "mode_seeking_ratio": 0.23182270366870394,
  "n_pairs": 120,
  "text_distance_mean": 0.935547705751741,
  "target_distance_mean": 4.4,
  "attribute_sensitivity": {
    "difficulty": 0.0,
    "intent": 0.8494061800585124,
    "style": 0.0,
    "ambiguity": 0.0,
    "scenario_type": 0.0,
    "noise": 0.0
  }
}