{
  "attribute_match_rate": 0.0625,
  "discriminator_accuracy": 0.9166666666666666,
  "synthetic_detection_rate": 1.0,
  "near_duplicate_rate": 0.15,
  "combination_coverage": 0.8,
  "entropy/intent": 0.9822177815287606,
  "entropy/difficulty": 0.9755307720176264,
  "entropy/ambiguity": 0.9850568223215079,
  "entropy/style": 0.9400664543100068,
  "entropy/noise": 0.9822177815287606,
  "entropy/scenario_type": 0.9320201587042913,
  "coverage/intent": 1.0,
  "coverage/difficulty": 1.0,
  "coverage/ambiguity": 1.0,
  "coverage/style": 1.0,
  "coverage/noise": 1.0,
  "coverage/scenario_type": 1.0,
  "pack_accuracy": 0.625,
  "pack_confidence": 0.8875,
  "mode_seeking_ratio": 0.22483004170428939,
  "text_distance_mean": 0.9435620736869611,
  "banned_phrasings_total": 3.0,
  "banned_phrasings_new": 3.0,
  "coverage_classifier_auroc": 1.0
}