{
  "mode_seeking_ratio": 0.22483004170428939,
  "n_pairs": 120,
  "text_distance_mean": 0.9435620736869611,
  "target_distance_mean": 4.583333333333333,
  "attribute_sensitivity": {
    "difficulty": 0.0,
    "intent": 0.8840445277954047,
    "style": 0.0,
    "ambiguity": 0.0,
    "scenario_type": 0.0,
    "noise": 0.0
  }
}