{
  "attribute_match_rate": 0.95,
  "discriminator_accuracy": 0.3333333333333333,
  "synthetic_detection_rate": 0.7272727272727273,
  "near_duplicate_rate": 0.25,
  "combination_coverage": 0.8,
  "entropy/intent": 1.0000000000000002,
  "entropy/difficulty": 0.9089460785096519,
  "entropy/ambiguity": 0.946394630357186,
  "entropy/style": 0.9144678583505098,
  "entropy/noise": 0.9135198794517726,
  "entropy/scenario_type": 0.9835386311891134,
  "coverage/intent": 1.0,
  "coverage/difficulty": 1.0,
  "coverage/ambiguity": 1.0,
  "coverage/style": 1.0,
  "coverage/noise": 1.0,
  "coverage/scenario_type": 1.0,
  "mode_seeking_ratio": 0.23431335580582743,
  "text_distance_mean": 0.9462777323327621,
  "banned_phrasings_total": 3.0,
  "banned_phrasings_new": 2.0,
  "coverage_classifier_auroc": 1.0
}