{
  "attribute_match_rate": 1.0,
  "discriminator_accuracy": 0.9166666666666666,
  "synthetic_detection_rate": 0.9,
  "near_duplicate_rate": 0.25,
  "combination_coverage": 0.7333333333333333,
  "entropy/intent": 1.0000000000000002,
  "entropy/difficulty": 0.9835386311891134,
  "entropy/ambiguity": 0.9372305632161295,
  "entropy/style": 0.9152772314063036,
  "entropy/noise": 0.9297754970099917,
  "entropy/scenario_type": 0.9089460785096519,
  "coverage/intent": 1.0,
  "coverage/difficulty": 1.0,
  "coverage/ambiguity": 1.0,
  "coverage/style": 1.0,
  "coverage/noise": 1.0,
  "coverage/scenario_type": 1.0,
  "mode_seeking_ratio": 0.22995553088147347,
  "text_distance_mean": 0.951595375470461,
  "banned_phrasings_total": 5.0,
  "banned_phrasings_new": 2.0,
  "coverage_classifier_auroc": 1.0
}