{
  "naive": [
    [
      0.6194912458587073,
      0.19047619047619047
    ],
    [
      0.6398652214508992,
      0.19047619047619047
    ],
    [
      0.6108572872247486,
      0.18181818181818182
    ],
    [
      0.6318459531375132,
      0.18181818181818182
    ],
    [
      0.7194689841748665,
      0.4615384615384615
    ]
  ],
  "few_shot": [
    [
      0.6098654909418308,
      0.19047619047619047
    ],
    [
      0.6070729386200523,
      0.1111111111111111
    ],
    [
      0.6145090612002376,
      0.2727272727272727
    ],
    [
      0.609893232655381,
      0.19047619047619047
    ],
    [
      0.6592007049312552,
      0.2
    ]
  ],
  "self_critique": [
    [
      0.6678720305925916,
      0.3703703703703703
    ],
    [
      0.743649280529076,
      0.4800000000000001
    ],
    [
      0.7183928571428572,
      0.4800000000000001
    ],
    [
      0.6647607160192973,
      0.34782608695652173
    ],
    [
      0.7363378001309036,
      0.6153846153846154
    ]
  ],
  "realism_only": [
    [
      0.7070827560187082,
      0.6206896551724138
    ],
    [
      0.6278577702490746,
      0.26086956521739124
    ],
    [
      0.6937085137085136,
      0.4800000000000001
    ],
    [
      0.7128276815776816,
      0.4166666666666667
    ],
    [
      0.7642879095211752,
      0.6206896551724138
    ]
  ],
  "diversity_only": [
    [
      0.7599002517800472,
      0.6153846153846154
    ],
    [
      0.703932178932179,
      0.4166666666666667
    ],
    [
      0.7426666289411387,
      0.5925925925925926
    ],
    [
      0.6563462743329261,
      0.32
    ],
    [
      0.7499542262841352,
      0.5384615384615384
    ]
  ],
  "full_classic": [
    [
      0.7330893882618019,
      0.6153846153846154
    ],
    [
      0.719628502742093,
      0.4444444444444444
    ],
    [
      0.7727671021788668,
      0.5384615384615384
    ],
    [
      0.701686257862003,
      0.4800000000000001
    ],
    [
      0.7355970418470418,
      0.5625
    ]
  ],
  "full_attrforge": [
    [
      0.6999768067621237,
      0.4444444444444444
    ],
    [
      0.6649286806149551,
      0.5384615384615384
    ],
    [
      0.7218460020184159,
      0.6153846153846154
    ],
    [
      0.7072606815491067,
      0.45161290322580644
    ],
    [
      0.771969696969697,
      0.6666666666666666
    ]
  ],
  "real_only": [
    [
      0.5911235351380554,
      0.18181818181818182
    ]
  ]
}