{
  "run_dir": "E:\\Projects\\PromptForge\\experiments\\main_run_002_seed137\\diversity_only\\20260602T044949Z",
  "n_iterations": 3,
  "final_prompt_version": 2,
  "metric_history": [
    {
      "iteration": 0.0,
      "attribute_match_rate": 0.0,
      "discriminator_accuracy": 0.5,
      "synthetic_detection_rate": 0.5,
      "near_duplicate_rate": 0.15,
      "combination_coverage": 0.7333333333333333,
      "entropy/intent": 0.9487027337173605,
      "entropy/difficulty": 0.9755307720176264,
      "entropy/ambiguity": 0.946394630357186,
      "entropy/style": 0.9306282244165779,
      "entropy/noise": 0.8410335941990121,
      "entropy/scenario_type": 0.9850568223215079,
      "coverage/intent": 1.0,
      "coverage/difficulty": 1.0,
      "coverage/ambiguity": 1.0,
      "coverage/style": 1.0,
      "coverage/noise": 1.0,
      "coverage/scenario_type": 1.0,
      "mode_seeking_ratio": 0.23175279620341394,
      "text_distance_mean": 0.9341848043650874,
      "coverage_classifier_auroc": 1.0
    },
    {
      "iteration": 1.0,
      "attribute_match_rate": 0.0,
      "discriminator_accuracy": 0.5,
      "synthetic_detection_rate": 0.5,
      "near_duplicate_rate": 0.15,
      "combination_coverage": 0.6666666666666666,
      "entropy/intent": 0.9592101522724051,
      "entropy/difficulty": 0.9850568223215079,
      "entropy/ambiguity": 0.9497012164384108,
      "entropy/style": 0.8156631257730544,
      "entropy/noise": 0.9080636898218125,
      "entropy/scenario_type": 0.8957541375001009,
      "coverage/intent": 1.0,
      "coverage/difficulty": 1.0,
      "coverage/ambiguity": 1.0,
      "coverage/style": 0.8333333333333334,
      "coverage/noise": 1.0,
      "coverage/scenario_type": 1.0,
      "mode_seeking_ratio": 0.23182396044186135,
      "text_distance_mean": 0.9364365215382151,
      "coverage_classifier_auroc": 1.0
    },
    {
      "iteration": 2.0,
      "attribute_match_rate": 0.0,
      "discriminator_accuracy": 0.5,
      "synthetic_detection_rate": 0.5,
      "near_duplicate_rate": 0.15,
      "combination_coverage": 0.6666666666666666,
      "entropy/intent": 0.9822177815287606,
      "entropy/difficulty": 0.9755307720176264,
      "entropy/ambiguity": 0.8387794678549644,
      "entropy/style": 0.8521669194428305,
      "entropy/noise": 0.8339095981148644,
      "entropy/scenario_type": 0.9850568223215079,
      "coverage/intent": 1.0,
      "coverage/difficulty": 1.0,
      "coverage/ambiguity": 1.0,
      "coverage/style": 0.8333333333333334,
      "coverage/noise": 0.8,
      "coverage/scenario_type": 1.0,
      "mode_seeking_ratio": 0.23064932470611937,
      "text_distance_mean": 0.9340405566722461,
      "coverage_classifier_auroc": 1.0
    }
  ],
  "prompt_history": [
    {
      "version": 0,
      "iteration": 0,
      "prompt": "Generate realistic customer support messages that match the requested intent\nand style. The example should be plausible for a customer support channel\n(email, chat, in-app form). Keep it short to medium length. Output a JSON\nobject with the sample id, the text, and the attribute values.\n",
      "motivation": "initial prompt",
      "feedback_summary": {},
      "timestamp": "2026-06-02T04:49:49.731731+00:00"
    },
    {
      "version": 1,
      "iteration": 1,
      "prompt": "\"\"\"Generate realistic customer support messages that align with the requested intent and style, ensuring a variety of phrasing and scenarios. The examples should be plausible for a customer support channel (email, chat, in-app form) and include both common and edge cases. Aim for a mix of short to medium-length responses, incorporating varying levels of ambiguity and difficulty. Output a JSON object with the sample id, the text, and the attribute values.\n\nForbidden phrasings: \n- \"My card has been stolen what do I do?\"\n- \"My card payment has been declined, why?\"\n- \"My card payment has been declined\"\n- \"Why is the exchange rate on my card wrong?\"\n\nEnsure to include diverse scenarios, such as lost or stolen cards, declined payments, and incorrect exchange rates. Strive for a balance between formal and informal styles, and avoid repetitive structures to minimize near-duplicates. Encourage the use of high ambiguity in some entries to reflect real customer concerns. This will enhance the diversity and realism of the generated messages while maintaining attribute fidelity across all outputs.\"\"\"",
      "motivation": "The batch exhibits a good variety of attributes, but there are some missing combinations and potential near-duplicates. The presence of high ambiguity in several entries may indicate a need for clearer phrasing.",
      "feedback_summary": {
        "iteration": 0,
        "n_attribute_failures": 0,
        "n_realism_artifacts": 0,
        "near_duplicate_rate": 0.15,
        "pack_accuracy": null,
        "mode_seeking_ratio": 0.23175279620341394,
        "n_banned_phrasings": 0,
        "missing_modes": [],
        "overrepresented_modes": [
          "low ambiguity",
          "medium difficulty",
          "informal style"
        ],
        "metrics": {
          "attribute_match_rate": 0.0,
          "discriminator_accuracy": 0.5,
          "synthetic_detection_rate": 0.5,
          "near_duplicate_rate": 0.15,
          "combination_coverage": 0.7333333333333333,
          "entropy/intent": 0.9487027337173605,
          "entropy/difficulty": 0.9755307720176264,
          "entropy/ambiguity": 0.946394630357186,
          "entropy/style": 0.9306282244165779,
          "entropy/noise": 0.8410335941990121,
          "entropy/scenario_type": 0.9850568223215079,
          "coverage/intent": 1.0,
          "coverage/difficulty": 1.0,
          "coverage/ambiguity": 1.0,
          "coverage/style": 1.0,
          "coverage/noise": 1.0,
          "coverage/scenario_type": 1.0,
          "mode_seeking_ratio": 0.23175279620341394,
          "text_distance_mean": 0.9341848043650874,
          "coverage_classifier_auroc": 1.0
        }
      },
      "timestamp": "2026-06-02T04:51:54.259405+00:00"
    },
    {
      "version": 2,
      "iteration": 2,
      "prompt": "\"\"\"\"\"\"Generate realistic customer support messages that align with the requested intent and style, ensuring a variety of phrasing and scenarios. The examples should be plausible for a customer support channel (email, chat, in-app form) and include both common and edge cases. Aim for a mix of short to medium-length responses, incorporating varying levels of ambiguity and difficulty. Output a JSON object with the sample id, the text, and the attribute values.\n\nForbidden phrasings: \n- \"My card has been stolen what do I do?\"\n- \"My card payment has been declined, why?\"\n- \"My card payment has been declined\"\n- \"Why is the exchange rate on my card wrong?\"\n\nEnsure to include diverse scenarios, such as lost or stolen cards, declined payments, incorrect exchange rates, and pending transactions. Strive for a balance between formal, informal, and concise styles, while avoiding repetitive structures to minimize near-duplicates. Encourage unique expressions and high ambiguity in some entries to reflect real customer concerns. This will enhance the diversity and realism of the generated messages while maintaining attribute fidelity across all outputs. Additionally, consider incorporating rare scenarios, such as ATM issues or unexpected fees, to further enrich the dataset.\"\"\"\"\"\"",
      "motivation": "The batch of synthetic samples demonstrates a good coverage of intents, difficulties, and ambiguities, but there is a notable lack of diversity in the style attribute, particularly with the 'informal' and 'concise' styles. Additionally, there are several instances of near-duplicate phrasings and shallow paraphrases.",
      "feedback_summary": {
        "iteration": 1,
        "n_attribute_failures": 0,
        "n_realism_artifacts": 0,
        "near_duplicate_rate": 0.15,
        "pack_accuracy": null,