{
  "attribute_match_rate": 0.9523809523809523,
  "discriminator_accuracy": 0.25,
  "synthetic_detection_rate": 0.375,
  "near_duplicate_rate": 0.35,
  "combination_coverage": 0.8666666666666667,
  "entropy/intent": 0.997303870639173,
  "entropy/difficulty": 0.9748830897462034,
  "entropy/ambiguity": 0.9526841246715824,
  "entropy/style": 0.8510681783982296,
  "entropy/noise": 0.9529073308031801,
  "entropy/scenario_type": 0.9584114221179828,
  "coverage/intent": 1.0,
  "coverage/difficulty": 1.0,
  "coverage/ambiguity": 1.0,
  "coverage/style": 1.0,
  "coverage/noise": 1.0,
  "coverage/scenario_type": 1.0,
  "pack_accuracy": 0.5,
  "pack_confidence": 0.89375,
  "mode_seeking_ratio": 0.2284216513378877,
  "text_distance_mean": 0.9498686381831858,
  "banned_phrasings_total": 4.0,
  "banned_phrasings_new": 2.0,
  "coverage_classifier_auroc": 1.0
}