{
  "mode_seeking_ratio": 0.2284216513378877,
  "n_pairs": 210,
  "text_distance_mean": 0.9498686381831858,
  "target_distance_mean": 4.433333333333334,
  "attribute_sensitivity": {
    "noise": 0.0,
    "difficulty": 0.0,
    "style": 0.0,
    "scenario_type": 0.0,
    "ambiguity": 0.0,
    "intent": 0.0
  }
}