{
  "attribute_match_rate": 0.0,
  "discriminator_accuracy": 0.6666666666666666,
  "synthetic_detection_rate": 0.1111111111111111,
  "near_duplicate_rate": 0.15,
  "combination_coverage": 0.7333333333333333,
  "entropy/intent": 0.9487027337173605,
  "entropy/difficulty": 0.9755307720176264,
  "entropy/ambiguity": 0.946394630357186,
  "entropy/style": 0.9306282244165779,
  "entropy/noise": 0.8410335941990121,
  "entropy/scenario_type": 0.9850568223215079,
  "coverage/intent": 1.0,
  "coverage/difficulty": 1.0,
  "coverage/ambiguity": 1.0,
  "coverage/style": 1.0,
  "coverage/noise": 1.0,
  "coverage/scenario_type": 1.0,
  "pack_accuracy": 0.625,
  "pack_confidence": 0.8625,
  "mode_seeking_ratio": 0.24035129695516275,
  "text_distance_mean": 0.9492998313316641,
  "banned_phrasings_total": 4.0,
  "banned_phrasings_new": 4.0,
  "coverage_classifier_auroc": 1.0
}