{
  "mode_seeking_ratio": 0.24035129695516275,
  "n_pairs": 120,
  "text_distance_mean": 0.9492998313316641,
  "target_distance_mean": 4.458333333333333,
  "attribute_sensitivity": {
    "difficulty": 0.0,
    "intent": 0.0,
    "style": 0.8668172985978203,
    "ambiguity": 0.0,
    "scenario_type": 0.0,
    "noise": 0.9635495869940535
  }
}