{
  "attribute_match_rate": 0.9090909090909091,
  "discriminator_accuracy": 0.20833333333333334,
  "synthetic_detection_rate": 0.4166666666666667,
  "near_duplicate_rate": 0.25,
  "combination_coverage": 0.8666666666666667,
  "entropy/intent": 0.9905114616736054,
  "entropy/difficulty": 0.9741707427017493,
  "entropy/ambiguity": 0.987029693781109,
  "entropy/style": 0.931018185801348,
  "entropy/noise": 0.9705525394685713,
  "entropy/scenario_type": 0.9741707427017493,
  "coverage/intent": 1.0,
  "coverage/difficulty": 1.0,
  "coverage/ambiguity": 1.0,
  "coverage/style": 1.0,
  "coverage/noise": 1.0,
  "coverage/scenario_type": 1.0,
  "pack_accuracy": 0.75,
  "pack_confidence": 0.89375,
  "mode_seeking_ratio": 0.22685711702468764,
  "text_distance_mean": 0.9527067394340267,
  "banned_phrasings_total": 1.0,
  "banned_phrasings_new": 1.0,
  "coverage_classifier_auroc": 1.0
}