{
  "mode_seeking_ratio": 0.22685711702468764,
  "n_pairs": 231,
  "text_distance_mean": 0.9527067394340267,
  "target_distance_mean": 4.528138528138528,
  "attribute_sensitivity": {
    "noise": 0.9503931601505116,
    "difficulty": 0.0,
    "intent": 1.0,
    "scenario_type": 0.0,
    "style": 0.0,
    "ambiguity": 0.0
  }
}