{
  "attribute_match_rate": 0.0,
  "discriminator_accuracy": 0.5,
  "synthetic_detection_rate": 0.5,
  "near_duplicate_rate": 0.0,
  "combination_coverage": 0.4,
  "entropy/intent": 0.7852242790441241,
  "entropy/difficulty": 0.9755307720176264,
  "entropy/ambiguity": 0.9320201587042913,
  "entropy/style": 0.8941244307468018,
  "entropy/noise": 0.9158830010682758,
  "entropy/scenario_type": 0.9965119062478287,
  "coverage/intent": 0.7,
  "coverage/difficulty": 1.0,
  "coverage/ambiguity": 1.0,
  "coverage/style": 0.8333333333333334,
  "coverage/noise": 1.0,
  "coverage/scenario_type": 1.0
}