{
  "run_dir": "E:\\Projects\\PromptForge\\experiments\\task69_no_pack_vs_seed41\\full_attrforge\\20260603T050246Z",
  "n_iterations": 3,
  "final_prompt_version": 2,
  "metric_history": [
    {
      "iteration": 0.0,
      "attribute_match_rate": 0.9090909090909091,
      "discriminator_accuracy": 0.875,
      "synthetic_detection_rate": 0.7272727272727273,
      "near_duplicate_rate": 0.25,
      "combination_coverage": 0.6666666666666666,
      "entropy/intent": 0.9961982334892152,
      "entropy/difficulty": 0.929252365043453,
      "entropy/ambiguity": 0.9981459752167369,
      "entropy/style": 0.9253440398946446,
      "entropy/noise": 0.9346262260259477,
      "entropy/scenario_type": 0.9741707427017493,
      "coverage/intent": 1.0,
      "coverage/difficulty": 1.0,
      "coverage/ambiguity": 1.0,
      "coverage/style": 1.0,
      "coverage/noise": 1.0,
      "coverage/scenario_type": 1.0,
      "pack_accuracy": 0.5,
      "pack_confidence": 0.8875,
      "mode_seeking_ratio": 0.22974541546573016,
      "text_distance_mean": 0.9458705233855677,
      "banned_phrasings_total": 1.0,
      "banned_phrasings_new": 1.0,
      "coverage_classifier_auroc": 1.0
    },
    {
      "iteration": 1.0,
      "attribute_match_rate": 0.9090909090909091,
      "discriminator_accuracy": 0.7083333333333334,
      "synthetic_detection_rate": 0.6363636363636364,
      "near_duplicate_rate": 0.35,
      "combination_coverage": 0.7333333333333333,
      "entropy/intent": 0.9961982334892152,
      "entropy/difficulty": 0.9741707427017493,
      "entropy/ambiguity": 0.9981459752167369,
      "entropy/style": 0.9888167467420675,
      "entropy/noise": 0.966642565201544,
      "entropy/scenario_type": 0.987029693781109,
      "coverage/intent": 1.0,
      "coverage/difficulty": 1.0,
      "coverage/ambiguity": 1.0,
      "coverage/style": 1.0,
      "coverage/noise": 1.0,
      "coverage/scenario_type": 1.0,
      "pack_accuracy": 0.5,
      "pack_confidence": 0.86875,
      "mode_seeking_ratio": 0.21849431951532883,
      "text_distance_mean": 0.9497609609817005,
      "banned_phrasings_total": 5.0,
      "banned_phrasings_new": 4.0,
      "coverage_classifier_auroc": 1.0
    },
    {
      "iteration": 2.0,
      "attribute_match_rate": 0.9047619047619048,
      "discriminator_accuracy": 0.9583333333333334,
      "synthetic_detection_rate": 0.9090909090909091,
      "near_duplicate_rate": 0.25,
      "combination_coverage": 0.9333333333333333,
      "entropy/intent": 0.997303870639173,
      "entropy/difficulty": 0.9821410328348751,
      "entropy/ambiguity": 0.8467954006879264,
      "entropy/style": 0.8514934878065183,
      "entropy/noise": 0.9763945235672326,
      "entropy/scenario_type": 0.914100892018565,
      "coverage/intent": 1.0,
      "coverage/difficulty": 1.0,
      "coverage/ambiguity": 1.0,
      "coverage/style": 0.8333333333333334,
      "coverage/noise": 1.0,
      "coverage/scenario_type": 1.0,
      "pack_accuracy": 0.375,
      "pack_confidence": 0.8875,
      "mode_seeking_ratio": 0.23433749396475795,
      "text_distance_mean": 0.9534023804617225,
      "banned_phrasings_total": 7.0,
      "banned_phrasings_new": 2.0,
      "coverage_classifier_auroc": 1.0
    }
  ],
  "prompt_history": [
    {
      "version": 0,
      "iteration": 0,
      "prompt": "Generate realistic customer support messages that match the requested intent\nand style. The example should be plausible for a customer support channel\n(email, chat, in-app form). Keep it short to medium length. Output a JSON\nobject with the sample id, the text, and the attribute values.\n",
      "motivation": "initial prompt",
      "feedback_summary": {},
      "timestamp": "2026-06-03T05:02:46.867646+00:00"
    },
    {
      "version": 1,
      "iteration": 1,
      "prompt": "\"\"\"Generate realistic customer support messages that match the requested intent and style. The example should be plausible for a customer support channel (email, chat, in-app form). Ensure the messages vary in structure and cover a range of scenarios, including formal complaints, concise technical problem descriptions, emotional refund requests, and informal general questions. Output a JSON object with the sample id, the text, and the attribute values.\n\n**Forbidden phrasings:**\n- 'Hey, so'\n\n**Preferred phrasings:**\n- (label=general_question) \"Is the pro plan billed monthly or yearly?\"\n- (label=general_question) \"Hi team, quick one - does the API have a rate limit on the search endpoint?\"\n- (label=refund_request) \"Ordered 2 items, only got 1. Want a refund on the missing one, not a reship.\"\n- (label=refund_request) \"Got the wrong size, want my money back not a store credit thanks.\"\n\nFocus on maintaining a formal tone, avoiding casual language and informal phrasing. Strive for clarity and professionalism in all communications. Ensure that the emotional tone aligns with the difficulty level of the request, and avoid unnecessary details that do not contribute to the main issue. Aim for a diverse range of intents and styles, minimizing redundancy in phrasing and structure. The output should reflect a realistic and varied customer support experience.\"",
      "motivation": "The batch exhibits a high level of surface diversity with a variety of intents and styles, but there are notable patterns in phrasing and structure that lead to nuance-level redundancy, particularly in emotional and informal styles. Several texts also reuse similar constructions, especially in account issues and complaints.",
      "feedback_summary": {
        "iteration": 0,
        "n_attribute_failures": 2,
        "n_realism_artifacts": 8,
        "near_duplicate_rate": 0.25,
        "pack_accuracy": 0.5,
        "mode_seeking_ratio": 0.22974541546573016,
        "n_banned_phrasings": 1,
        "missing_modes": [
          "formal complaint with detailed reasoning",
          "concise technical problem description",
          "emotional refund request with personal impact",
          "informal general question with humor"
        ],
        "overrepresented_modes": [
          "informal emotional expressions in complaints",
          "fragmented questions about account issues",
          "concise statements for refunds"
        ],
        "metrics": {
          "attribute_match_rate": 0.9090909090909091,
          "discriminator_accuracy": 0.875,
          "synthetic_detection_rate": 0.7272727272727273,
          "near_duplicate_rate": 0.25,
          "combination_coverage": 0.6666666666666666,
          "entropy/intent": 0.9961982334892152,
          "entropy/difficulty": 0.929252365043453,
          "entropy/ambiguity": 0.9981459752167369,
          "entropy/style": 0.9253440398946446,
          "entropy/noise": 0.9346262260259477,
          "entropy/scenario_type": 0.9741707427017493,
          "coverage/intent": 1.0,
          "coverage/difficulty": 1.0,
          "coverage/ambiguity": 1.0,
          "coverage/style": 1.0,
          "coverage/noise": 1.0,
          "coverage/scenario_type": 1.0,
          "pack_accuracy": 0.5,
          "pack_confidence": 0.8875,
          "mode_seeking_ratio": 0.22974541546573016,
          "text_distance_mean": 0.9458705233855677,
          "banned_phrasings_total": 1.0,
          "banned_phrasings_new": 1.0,
          "coverage_classifier_auroc": 1.0
        }
      },
      "timestamp": "2026-06-03T05:05:20.683851+00:00"
    },
    {
      "version": 2,
      "iteration": 2,