{
  "attribute_match_rate": 0.0625,
  "discriminator_accuracy": 0.5833333333333334,
  "synthetic_detection_rate": 0.09090909090909091,
  "near_duplicate_rate": 0.25,
  "combination_coverage": 0.4,
  "entropy/intent": 0.7852242790441241,
  "entropy/difficulty": 0.9755307720176264,
  "entropy/ambiguity": 0.9320201587042913,
  "entropy/style": 0.8941244307468018,
  "entropy/noise": 0.9158830010682758,
  "entropy/scenario_type": 0.9965119062478287,
  "coverage/intent": 0.7,
  "coverage/difficulty": 1.0,
  "coverage/ambiguity": 1.0,
  "coverage/style": 0.8333333333333334,
  "coverage/noise": 1.0,
  "coverage/scenario_type": 1.0,
  "pack_accuracy": 0.375,
  "pack_confidence": 0.88125,
  "mode_seeking_ratio": 0.21171559786079702,
  "text_distance_mean": 0.9301131128387379,
  "banned_phrasings_total": 4.0,
  "banned_phrasings_new": 4.0,
  "coverage_classifier_auroc": 1.0
}