{
  "attribute_match_rate": 0.8636363636363636,
  "discriminator_accuracy": 0.125,
  "synthetic_detection_rate": 0.3,
  "near_duplicate_rate": 0.25,
  "combination_coverage": 0.8,
  "entropy/intent": 0.9905114616736054,
  "entropy/difficulty": 0.987029693781109,
  "entropy/ambiguity": 0.929252365043453,
  "entropy/style": 0.9159880227642565,
  "entropy/noise": 0.9434038256873107,
  "entropy/scenario_type": 0.8976082826337547,
  "coverage/intent": 1.0,
  "coverage/difficulty": 1.0,
  "coverage/ambiguity": 1.0,
  "coverage/style": 1.0,
  "coverage/noise": 1.0,
  "coverage/scenario_type": 1.0,
  "pack_accuracy": 0.375,
  "pack_confidence": 0.9,
  "mode_seeking_ratio": 0.2320125774043616,
  "text_distance_mean": 0.9548386278075133,
  "banned_phrasings_total": 6.0,
  "banned_phrasings_new": 3.0,
  "coverage_classifier_auroc": 1.0
}