{
  "mode_seeking_ratio": 0.2320125774043616,
  "n_pairs": 231,
  "text_distance_mean": 0.9548386278075133,
  "target_distance_mean": 4.415584415584416,
  "attribute_sensitivity": {
    "noise": 0.0,
    "difficulty": 0.0,
    "intent": 0.0,
    "scenario_type": 0.0,
    "style": 0.0,
    "ambiguity": 0.0
  }
}