{
  "run_dir": "E:\\Projects\\PromptForge\\experiments\\banking77_run_001_seed89\\full_classic\\20260602T052415Z",
  "n_iterations": 3,
  "final_prompt_version": 2,
  "metric_history": [
    {
      "iteration": 0.0,
      "attribute_match_rate": 0.0625,
      "discriminator_accuracy": 0.625,
      "synthetic_detection_rate": 0.18181818181818182,
      "near_duplicate_rate": 0.25,
      "combination_coverage": 0.4,
      "entropy/intent": 0.7852242790441241,
      "entropy/difficulty": 0.9755307720176264,
      "entropy/ambiguity": 0.9320201587042913,
      "entropy/style": 0.8941244307468018,
      "entropy/noise": 0.9158830010682758,
      "entropy/scenario_type": 0.9965119062478287,
      "coverage/intent": 0.7,
      "coverage/difficulty": 1.0,
      "coverage/ambiguity": 1.0,
      "coverage/style": 0.8333333333333334,
      "coverage/noise": 1.0,
      "coverage/scenario_type": 1.0
    },
    {
      "iteration": 1.0,
      "attribute_match_rate": 0.3125,
      "discriminator_accuracy": 0.875,
      "synthetic_detection_rate": 0.8,
      "near_duplicate_rate": 0.15,
      "combination_coverage": 0.43333333333333335,
      "entropy/intent": 0.9123132637620583,
      "entropy/difficulty": 0.9850568223215079,
      "entropy/ambiguity": 0.9755307720176264,
      "entropy/style": 0.9789848253208956,
      "entropy/noise": 0.9415787376332126,
      "entropy/scenario_type": 0.9755307720176264,
      "coverage/intent": 0.9,
      "coverage/difficulty": 1.0,
      "coverage/ambiguity": 1.0,
      "coverage/style": 1.0,
      "coverage/noise": 1.0,
      "coverage/scenario_type": 1.0
    },
    {
      "iteration": 2.0,
      "attribute_match_rate": 0.375,
      "discriminator_accuracy": 0.9166666666666666,
      "synthetic_detection_rate": 1.0,
      "near_duplicate_rate": 0.15,
      "combination_coverage": 0.43333333333333335,
      "entropy/intent": 0.9499420132200559,
      "entropy/difficulty": 0.9320201587042913,
      "entropy/ambiguity": 0.9755307720176264,
      "entropy/style": 0.9282136470754652,
      "entropy/noise": 0.8647365386176832,
      "entropy/scenario_type": 0.9320201587042913,
      "coverage/intent": 1.0,
      "coverage/difficulty": 1.0,
      "coverage/ambiguity": 1.0,
      "coverage/style": 1.0,
      "coverage/noise": 1.0,
      "coverage/scenario_type": 1.0
    }
  ],
  "prompt_history": [
    {
      "version": 0,
      "iteration": 0,
      "prompt": "Generate realistic banking customer-support messages that match the requested intent\nand style. The example should be plausible for a customer support channel\n(email, chat, in-app form). Keep it short to medium length. Output a JSON\nobject with the sample id, the text, and the attribute values.\n",
      "motivation": "initial prompt",
      "feedback_summary": {},
      "timestamp": "2026-06-02T05:24:15.551423+00:00"
    },
    {
      "version": 1,
      "iteration": 1,
      "prompt": "\"\"\"Generate realistic banking customer-support messages that match the requested intent and style, ensuring a range of emotional tones and levels of detail. The examples should be plausible for various customer support channels (email, chat, in-app form) and cover a diverse array of scenarios, including edge cases. Ensure that messages reflect different levels of difficulty and ambiguity, with some being more verbose and others more fragmented. Output a JSON object with the sample id, the text, and the attribute values, including intent, style, difficulty, and noise.\n\nEncourage the generation of messages that include intents such as 'card_payment_fee_charged', 'card_swallowed', 'lost_or_stolen_card', and 'pending_card_payment', while reducing the frequency of 'top_up_failed' and 'card_payment_not_recognised'. Aim for varied phrasing to minimize near-duplicates and ensure that the language used feels authentic and spontaneous, avoiding overly polished or formal structures.\n\nForbidden phrasings: None yet.\n\n\"\"\"",
      "motivation": "The batch of synthetic samples shows a good coverage of intents and scenarios, but there are missing attribute values for style and some intents are underrepresented. Additionally, there are near-duplicate phrasings that could be diversified.",
      "feedback_summary": {
        "iteration": 0,
        "n_attribute_failures": 15,
        "n_realism_artifacts": 2,
        "near_duplicate_rate": 0.25,
        "pack_accuracy": null,
        "mode_seeking_ratio": null,
        "n_banned_phrasings": 0,
        "missing_modes": [
          "formal style",
          "verbose style",
          "emotional style",
          "fragmented style",
          "card_payment_fee_charged intent",
          "card_swallowed intent",
          "lost_or_stolen_card intent",
          "pending_card_payment intent"
        ],
        "overrepresented_modes": [
          "top_up_failed intent",
          "card_payment_not_recognised intent"
        ],
        "metrics": {
          "attribute_match_rate": 0.0625,
          "discriminator_accuracy": 0.625,
          "synthetic_detection_rate": 0.18181818181818182,
          "near_duplicate_rate": 0.25,
          "combination_coverage": 0.4,
          "entropy/intent": 0.7852242790441241,
          "entropy/difficulty": 0.9755307720176264,
          "entropy/ambiguity": 0.9320201587042913,
          "entropy/style": 0.8941244307468018,
          "entropy/noise": 0.9158830010682758,
          "entropy/scenario_type": 0.9965119062478287,
          "coverage/intent": 0.7,
          "coverage/difficulty": 1.0,
          "coverage/ambiguity": 1.0,
          "coverage/style": 0.8333333333333334,
          "coverage/noise": 1.0,
          "coverage/scenario_type": 1.0
        }
      },
      "timestamp": "2026-06-02T05:25:39.118734+00:00"
    },
    {
      "version": 2,
      "iteration": 2,
      "prompt": "\"\"\"\"\"\"Generate realistic banking customer-support messages that align with the requested intent and style, incorporating a wide range of emotional tones and varying levels of detail. The examples should be plausible for different customer support channels (email, chat, in-app form) and encompass a diverse set of scenarios, including edge cases and unique transaction issues. Ensure messages reflect varying difficulty and ambiguity, with some being fragmented and others more elaborate. Output a JSON object with the sample id, the text, and the attribute values, including intent, style, difficulty, and noise.\n\nEncourage the generation of messages that include intents such as 'card_payment_fee_charged', 'card_swallowed', 'lost_or_stolen_card', 'pending_card_payment', and introduce less common intents like 'exchange_rate_discrepancy' and 'transaction_limit_exceeded'. Aim for varied phrasing to minimize near-duplicates and ensure the language feels authentic and spontaneous, avoiding overly polished or formal structures.\n\nIncorporate a wider variety of emotional expressions, including frustration, confusion, and relief, while reducing the overrepresentation of emotional and fragmented styles. Introduce scenarios that reflect rare card issues or unique transaction problems to enhance diversity.\n\nForbidden phrasings: None yet.\n\n\"\"\"\"\"\"",
      "motivation": "The batch exhibits a high coverage of attribute values, with only a few missing combinations. There are instances of near-duplicate phrasings and some overrepresented modes, particularly in emotional and fragmented styles.",
      "feedback_summary": {
        "iteration": 1,
        "n_attribute_failures": 11,
        "n_realism_artifacts": 6,
        "near_duplicate_rate": 0.15,
        "pack_accuracy": null,
        "mode_seeking_ratio": null,
        "n_banned_phrasings": 0,
        "missing_modes": [],
        "overrepresented_modes": [
          "emotional",
          "fragmented"
        ],
        "metrics": {
          "attribute_match_rate": 0.3125,
          "discriminator_accuracy": 0.875,
          "synthetic_detection_rate": 0.8,