{
  "mode_seeking_ratio": 0.22204578495515795,
  "n_pairs": 120,
  "text_distance_mean": 0.9473560724494272,
  "target_distance_mean": 4.583333333333333,
  "attribute_sensitivity": {
    "style": 0.0,
    "intent": 0.0,
    "ambiguity": 0.0,
    "noise": 0.0,
    "difficulty": 0.0,
    "scenario_type": 0.0
  }
}