{
  "attribute_match_rate": 0.8333333333333334,
  "discriminator_accuracy": 0.3333333333333333,
  "synthetic_detection_rate": 0.5833333333333334,
  "near_duplicate_rate": 0.25,
  "combination_coverage": 0.7333333333333333,
  "entropy/intent": 0.9977436826817001,
  "entropy/difficulty": 0.849908623948111,
  "entropy/ambiguity": 0.9562716184481166,
  "entropy/style": 0.8990207384578003,
  "entropy/noise": 0.926541900214144,
  "entropy/scenario_type": 0.9562716184481166,
  "coverage/intent": 1.0,
  "coverage/difficulty": 1.0,
  "coverage/ambiguity": 1.0,
  "coverage/style": 1.0,
  "coverage/noise": 1.0,
  "coverage/scenario_type": 1.0,
  "mode_seeking_ratio": 0.2372626907094002,
  "text_distance_mean": 0.9564918433582565,
  "banned_phrasings_total": 1.0,
  "banned_phrasings_new": 1.0,
  "coverage_classifier_auroc": 1.0
}