{
  "mode_seeking_ratio": 0.2372626907094002,
  "n_pairs": 276,
  "text_distance_mean": 0.9564918433582565,
  "target_distance_mean": 4.336956521739131,
  "attribute_sensitivity": {
    "noise": 0.0,
    "difficulty": 0.0,
    "intent": 0.9630511189844255,
    "scenario_type": 0.0,
    "style": 0.0,
    "ambiguity": 0.0
  }
}