{
  "attribute_match_rate": 0.9047619047619048,
  "discriminator_accuracy": 0.9583333333333334,
  "synthetic_detection_rate": 0.9090909090909091,
  "near_duplicate_rate": 0.25,
  "combination_coverage": 0.9333333333333333,
  "entropy/intent": 0.997303870639173,
  "entropy/difficulty": 0.9821410328348751,
  "entropy/ambiguity": 0.8467954006879264,
  "entropy/style": 0.8514934878065183,
  "entropy/noise": 0.9763945235672326,
  "entropy/scenario_type": 0.914100892018565,
  "coverage/intent": 1.0,
  "coverage/difficulty": 1.0,
  "coverage/ambiguity": 1.0,
  "coverage/style": 0.8333333333333334,
  "coverage/noise": 1.0,
  "coverage/scenario_type": 1.0,
  "pack_accuracy": 0.375,
  "pack_confidence": 0.8875,
  "mode_seeking_ratio": 0.23433749396475795,
  "text_distance_mean": 0.9534023804617225,
  "banned_phrasings_total": 7.0,
  "banned_phrasings_new": 2.0,
  "coverage_classifier_auroc": 1.0
}