{
  "run_dir": "E:\\Projects\\PromptForge\\experiments\\task69_no_pack_vs_seed23\\no_pack_vs\\20260603T045116Z",
  "n_iterations": 3,
  "final_prompt_version": 2,
  "metric_history": [
    {
      "iteration": 0.0,
      "attribute_match_rate": 0.75,
      "discriminator_accuracy": 0.0,
      "synthetic_detection_rate": 0.0,
      "near_duplicate_rate": 0.25,
      "combination_coverage": 0.6666666666666666,
      "entropy/intent": 0.9925308085173912,
      "entropy/difficulty": 0.8359889967247164,
      "entropy/ambiguity": 0.9680589902708631,
      "entropy/style": 0.8888789007632631,
      "entropy/noise": 0.9463423096631887,
      "entropy/scenario_type": 0.9358932809493993,
      "coverage/intent": 1.0,
      "coverage/difficulty": 1.0,
      "coverage/ambiguity": 1.0,
      "coverage/style": 1.0,
      "coverage/noise": 1.0,
      "coverage/scenario_type": 1.0,
      "mode_seeking_ratio": 0.24008593344064846,
      "text_distance_mean": 0.9630458018317322,
      "banned_phrasings_total": 1.0,
      "banned_phrasings_new": 1.0,
      "coverage_classifier_auroc": 1.0
    },
    {
      "iteration": 1.0,
      "attribute_match_rate": 0.9047619047619048,
      "discriminator_accuracy": 0.9583333333333334,
      "synthetic_detection_rate": 1.0,
      "near_duplicate_rate": 0.25,
      "combination_coverage": 0.8,
      "entropy/intent": 0.997303870639173,
      "entropy/difficulty": 0.9937866610055328,
      "entropy/ambiguity": 0.9216124027287592,
      "entropy/style": 0.9277902462594633,
      "entropy/noise": 0.9244658211275739,
      "entropy/scenario_type": 0.9092748525610018,
      "coverage/intent": 1.0,
      "coverage/difficulty": 1.0,
      "coverage/ambiguity": 1.0,
      "coverage/style": 1.0,
      "coverage/noise": 1.0,
      "coverage/scenario_type": 1.0,
      "mode_seeking_ratio": 0.2329788215487036,
      "text_distance_mean": 0.9620813696832926,
      "banned_phrasings_total": 4.0,
      "banned_phrasings_new": 3.0,
      "coverage_classifier_auroc": 1.0
    },
    {
      "iteration": 2.0,
      "attribute_match_rate": 0.9047619047619048,
      "discriminator_accuracy": 1.0,
      "synthetic_detection_rate": 1.0,
      "near_duplicate_rate": 0.25,
      "combination_coverage": 0.8,
      "entropy/intent": 0.997303870639173,
      "entropy/difficulty": 0.9748830897462034,
      "entropy/ambiguity": 0.9999999999999998,
      "entropy/style": 0.9179887045038185,
      "entropy/noise": 0.7847439070669064,
      "entropy/scenario_type": 0.980315378922394,
      "coverage/intent": 1.0,
      "coverage/difficulty": 1.0,
      "coverage/ambiguity": 1.0,
      "coverage/style": 1.0,
      "coverage/noise": 0.8,
      "coverage/scenario_type": 1.0,
      "mode_seeking_ratio": 0.237752558438238,
      "text_distance_mean": 0.967792282167965,
      "banned_phrasings_total": 7.0,
      "banned_phrasings_new": 3.0,
      "coverage_classifier_auroc": 1.0
    }
  ],
  "prompt_history": [
    {
      "version": 0,
      "iteration": 0,
      "prompt": "Generate realistic customer support messages that match the requested intent\nand style. The example should be plausible for a customer support channel\n(email, chat, in-app form). Keep it short to medium length. Output a JSON\nobject with the sample id, the text, and the attribute values.\n",
      "motivation": "initial prompt",
      "feedback_summary": {},
      "timestamp": "2026-06-03T04:51:16.262365+00:00"
    },
    {
      "version": 1,
      "iteration": 1,
      "prompt": "\"\"\"Generate realistic customer support messages that match the requested intent and style. The example should be plausible for a customer support channel (email, chat, in-app form). Ensure the messages reflect a range of emotional expressions and unique sentence structures. Output a JSON object with the sample id, the text, and the attribute values.\n\n**Preferred phrasings:**\n- (label=general_question) \"Hi team, quick one - does the API have a rate limit on the search endpoint?\"\n- (label=refund_request) \"Ordered 2 items, only got 1. Want a refund on the missing one, not a reship.\"\n- (label=account_issue) \"Two-factor codes never come through; I've been locked out for 2 days now.\"\n- (label=technical_problem) \"App keeps crashing on Android 14 every time I open the camera tab. Tried reinstalling; nothing works.\"\n\n**Forbidden phrasings:**\n- \"Could you kindly clarify the specific distinctions.\"\n\nFocus on generating messages that are formal and professional in tone, avoiding casual language. Ensure that the intent is clear and specific, with appropriate difficulty levels and scenarios represented. Strive for diversity in phrasing, especially in complaints and requests for clarification, to reduce redundancy. Aim for a balance of emotional tones, such as frustration or disappointment, while maintaining clarity and precision in the communication.",
      "motivation": "The batch exhibits a high degree of surface diversity in terms of intent and style, but there is significant redundancy in phrasing and sentence structure, particularly among complaint and refund requests. Many texts utilize similar constructions, leading to a lack of nuanced expression.",
      "feedback_summary": {
        "iteration": 0,
        "n_attribute_failures": 6,
        "n_realism_artifacts": 9,
        "near_duplicate_rate": 0.25,
        "pack_accuracy": null,
        "mode_seeking_ratio": 0.24008593344064846,
        "n_banned_phrasings": 1,
        "missing_modes": [
          "More varied emotional expressions in complaints, such as frustration or disappointment, beyond just 'unacceptable' or 'ridiculous'.",
          "Different ways to express confusion or requests for clarification that do not rely on common phrases."
        ],
        "overrepresented_modes": [
          "The phrase 'Can you help?' appears frequently across various intents, particularly in complaints and account issues.",
          "Common constructions like 'I need help with...' or 'I'm not sure...' are overused, especially in technical problems and account issues."
        ],
        "metrics": {
          "attribute_match_rate": 0.75,
          "discriminator_accuracy": 0.0,
          "synthetic_detection_rate": 0.0,
          "near_duplicate_rate": 0.25,
          "combination_coverage": 0.6666666666666666,
          "entropy/intent": 0.9925308085173912,
          "entropy/difficulty": 0.8359889967247164,
          "entropy/ambiguity": 0.9680589902708631,
          "entropy/style": 0.8888789007632631,
          "entropy/noise": 0.9463423096631887,
          "entropy/scenario_type": 0.9358932809493993,
          "coverage/intent": 1.0,
          "coverage/difficulty": 1.0,
          "coverage/ambiguity": 1.0,
          "coverage/style": 1.0,
          "coverage/noise": 1.0,
          "coverage/scenario_type": 1.0,
          "mode_seeking_ratio": 0.24008593344064846,
          "text_distance_mean": 0.9630458018317322,
          "banned_phrasings_total": 1.0,
          "banned_phrasings_new": 1.0,
          "coverage_classifier_auroc": 1.0
        }
      },
      "timestamp": "2026-06-03T04:55:18.016196+00:00"
    },
    {
      "version": 2,
      "iteration": 2,