{
  "attribute_match_rate": 0.9523809523809523,
  "discriminator_accuracy": 0.9166666666666666,
  "synthetic_detection_rate": 1.0,
  "near_duplicate_rate": 0.25,
  "combination_coverage": 0.8,
  "entropy/intent": 0.997303870639173,
  "entropy/difficulty": 0.9748830897462034,
  "entropy/ambiguity": 0.9937866610055328,
  "entropy/style": 0.9875702881442231,
  "entropy/noise": 0.9663407895758984,
  "entropy/scenario_type": 0.9821410328348751,
  "coverage/intent": 1.0,
  "coverage/difficulty": 1.0,
  "coverage/ambiguity": 1.0,
  "coverage/style": 1.0,
  "coverage/noise": 1.0,
  "coverage/scenario_type": 1.0,
  "mode_seeking_ratio": 0.219280731670521,
  "text_distance_mean": 0.9593163700951483,
  "banned_phrasings_total": 4.0,
  "banned_phrasings_new": 2.0,
  "coverage_classifier_auroc": 1.0
}