{
  "run_dir": "E:\\Projects\\PromptForge\\experiments\\_diagnostics\\smoke_paired_f1_f6_full_attrforge\\20260603T055829Z",
  "n_iterations": 3,
  "final_prompt_version": 2,
  "metric_history": [
    {
      "iteration": 0.0,
      "attribute_match_rate": 0.8260869565217391,
      "discriminator_accuracy": 0.375,
      "synthetic_detection_rate": 0.5714285714285714,
      "near_duplicate_rate": 0.25,
      "combination_coverage": 0.8666666666666667,
      "entropy/intent": 0.9909775756786534,
      "entropy/difficulty": 0.9659535505394684,
      "entropy/ambiguity": 0.9876197168461961,
      "entropy/style": 0.9296413565956573,
      "entropy/noise": 0.9718864326999251,
      "entropy/scenario_type": 0.9659535505394684,
      "coverage/intent": 1.0,
      "coverage/difficulty": 1.0,
      "coverage/ambiguity": 1.0,
      "coverage/style": 1.0,
      "coverage/noise": 1.0,
      "coverage/scenario_type": 1.0,
      "pack_accuracy": 0.75,
      "pack_confidence": 0.9,
      "mode_seeking_ratio": 0.22711435277331354,
      "text_distance_mean": 0.952494180764037,
      "banned_phrasings_total": 2.0,
      "banned_phrasings_new": 2.0,
      "coverage_classifier_auroc": 1.0
    },
    {
      "iteration": 1.0,
      "attribute_match_rate": 0.8260869565217391,
      "discriminator_accuracy": 0.20833333333333334,
      "synthetic_detection_rate": 0.2857142857142857,
      "near_duplicate_rate": 0.35,
      "combination_coverage": 0.8666666666666667,
      "entropy/intent": 0.9810145480662165,
      "entropy/difficulty": 0.940725014049597,
      "entropy/ambiguity": 0.9323544458797425,
      "entropy/style": 0.9237794341096142,
      "entropy/noise": 0.9280428027770243,
      "entropy/scenario_type": 0.9876197168461961,
      "coverage/intent": 1.0,
      "coverage/difficulty": 1.0,
      "coverage/ambiguity": 1.0,
      "coverage/style": 1.0,
      "coverage/noise": 1.0,
      "coverage/scenario_type": 1.0,
      "pack_accuracy": 0.75,
      "pack_confidence": 0.9,
      "mode_seeking_ratio": 0.2344517091552329,
      "text_distance_mean": 0.951289152773871,
      "banned_phrasings_total": 2.0,
      "banned_phrasings_new": 0.0,
      "coverage_classifier_auroc": 1.0
    },
    {
      "iteration": 2.0,
      "attribute_match_rate": 1.0,
      "discriminator_accuracy": 0.16666666666666666,
      "synthetic_detection_rate": 0.3076923076923077,
      "near_duplicate_rate": 0.35,
      "combination_coverage": 0.9333333333333333,
      "entropy/intent": 1.0000000000000002,
      "entropy/difficulty": 0.9911594714322187,
      "entropy/ambiguity": 0.8649735207179272,
      "entropy/style": 0.9318104107471041,
      "entropy/noise": 0.9596390821693783,
      "entropy/scenario_type": 0.9713107216099229,
      "coverage/intent": 1.0,
      "coverage/difficulty": 1.0,
      "coverage/ambiguity": 1.0,
      "coverage/style": 1.0,
      "coverage/noise": 1.0,
      "coverage/scenario_type": 1.0,
      "pack_accuracy": 0.75,
      "pack_confidence": 0.9,
      "mode_seeking_ratio": 0.22655069764542565,
      "text_distance_mean": 0.9504118785602385,
      "banned_phrasings_total": 3.0,
      "banned_phrasings_new": 1.0,
      "coverage_classifier_auroc": 1.0
    }
  ],
  "prompt_history": [
    {
      "version": 0,
      "iteration": 0,
      "prompt": "Generate realistic customer support messages that match the requested intent\nand style. The example should be plausible for a customer support channel\n(email, chat, in-app form). Keep it short to medium length. Output a JSON\nobject with the sample id, the text, and the attribute values.\n",
      "motivation": "initial prompt",
      "feedback_summary": {},
      "timestamp": "2026-06-03T05:58:29.450829+00:00"
    },
    {
      "version": 1,
      "iteration": 1,
      "prompt": "\"\"\"Generate realistic customer support messages that match the requested intent and style. The example should be plausible for a customer support channel (email, chat, in-app form). Keep it concise and relevant to the specific issue. Output a JSON object with the sample id, the text, and the attribute values.\n\nPreferred phrasings:\n- (label=account_issue) I changed my email and now I can't receive verification codes on the new one.\n- (label=complaint) I paid for the upgrade but features are still locked.\n- (label=general_question) Is the pro plan billed monthly or yearly?\n- (label=refund_request) Ordered 2 items, only got 1. Want a refund on the missing one, not a reship.\n\nForbidden phrasings:\n- 'I am writing to request a refund for my recent purchase.'\n- 'I hope this message finds you well.'\n\nEnsure the generated messages reflect a formal tone with structured responses, avoiding casual language and excessive filler. Incorporate a variety of sentence structures and emotional expressions, particularly in complaints, to capture a wider range of customer sentiments. Address both common and unique scenarios for technical problems, and explore diverse phrasing for general questions to avoid template-like responses. Aim for messages that are clear, concise, and directly related to the customer's issue while maintaining professionalism and detail.\"\"\"\"",
      "motivation": "The batch exhibits a variety of intents and styles, but there is significant redundancy in phrasing and sentence structure, particularly in refund requests and account issues. Many texts follow similar patterns, leading to a lack of nuanced diversity.",
      "feedback_summary": {
        "iteration": 0,
        "n_attribute_failures": 4,
        "n_realism_artifacts": 17,
        "near_duplicate_rate": 0.25,
        "pack_accuracy": 0.75,
        "mode_seeking_ratio": 0.22711435277331354,
        "n_banned_phrasings": 2,
        "missing_modes": [
          "More complex emotional expressions in complaints.",
          "Diverse scenarios for technical problems beyond common issues.",
          "Unique phrasing for general questions that avoid typical templates."
        ],
        "overrepresented_modes": [
          "Concise and informal styles dominate general questions.",
          "Refund requests often use similar constructions, such as 'I would like to request a refund'.",
          "Account issues frequently express frustration in similar ways."
        ],
        "metrics": {
          "attribute_match_rate": 0.8260869565217391,
          "discriminator_accuracy": 0.375,
          "synthetic_detection_rate": 0.5714285714285714,
          "near_duplicate_rate": 0.25,
          "combination_coverage": 0.8666666666666667,
          "entropy/intent": 0.9909775756786534,
          "entropy/difficulty": 0.9659535505394684,
          "entropy/ambiguity": 0.9876197168461961,
          "entropy/style": 0.9296413565956573,
          "entropy/noise": 0.9718864326999251,
          "entropy/scenario_type": 0.9659535505394684,
          "coverage/intent": 1.0,
          "coverage/difficulty": 1.0,
          "coverage/ambiguity": 1.0,
          "coverage/style": 1.0,
          "coverage/noise": 1.0,
          "coverage/scenario_type": 1.0,
          "pack_accuracy": 0.75,
          "pack_confidence": 0.9,
          "mode_seeking_ratio": 0.22711435277331354,
          "text_distance_mean": 0.952494180764037,
          "banned_phrasings_total": 2.0,
          "banned_phrasings_new": 2.0,
          "coverage_classifier_auroc": 1.0
        }
      },
      "timestamp": "2026-06-03T06:00:37.910002+00:00"
    },
    {
      "version": 2,
      "iteration": 2,