{
  "run_dir": "E:\\Projects\\PromptForge\\experiments\\main_run_002_seed109\\diversity_only\\20260602T041117Z",
  "n_iterations": 3,
  "final_prompt_version": 2,
  "metric_history": [
    {
      "iteration": 0.0,
      "attribute_match_rate": 0.0,
      "discriminator_accuracy": 0.5,
      "synthetic_detection_rate": 0.5,
      "near_duplicate_rate": 0.15,
      "combination_coverage": 0.8,
      "entropy/intent": 0.9822177815287606,
      "entropy/difficulty": 0.9755307720176264,
      "entropy/ambiguity": 0.9850568223215079,
      "entropy/style": 0.9400664543100068,
      "entropy/noise": 0.9822177815287606,
      "entropy/scenario_type": 0.9320201587042913,
      "coverage/intent": 1.0,
      "coverage/difficulty": 1.0,
      "coverage/ambiguity": 1.0,
      "coverage/style": 1.0,
      "coverage/noise": 1.0,
      "coverage/scenario_type": 1.0,
      "mode_seeking_ratio": 0.22511746181375206,
      "text_distance_mean": 0.9454814536919476,
      "coverage_classifier_auroc": 1.0
    },
    {
      "iteration": 1.0,
      "attribute_match_rate": 0.0,
      "discriminator_accuracy": 0.5,
      "synthetic_detection_rate": 0.5,
      "near_duplicate_rate": 0.15,
      "combination_coverage": 0.6666666666666666,
      "entropy/intent": 0.8647365386176832,
      "entropy/difficulty": 0.9965119062478287,
      "entropy/ambiguity": 0.9850568223215079,
      "entropy/style": 0.9488801212514659,
      "entropy/noise": 0.9256951044610051,
      "entropy/scenario_type": 0.9755307720176264,
      "coverage/intent": 1.0,
      "coverage/difficulty": 1.0,
      "coverage/ambiguity": 1.0,
      "coverage/style": 1.0,
      "coverage/noise": 1.0,
      "coverage/scenario_type": 1.0,
      "mode_seeking_ratio": 0.2189193971426401,
      "text_distance_mean": 0.9389403509384464,
      "coverage_classifier_auroc": 1.0
    },
    {
      "iteration": 2.0,
      "attribute_match_rate": 0.0,
      "discriminator_accuracy": 0.5,
      "synthetic_detection_rate": 0.5,
      "near_duplicate_rate": 0.15,
      "combination_coverage": 0.7333333333333333,
      "entropy/intent": 0.9592101522724051,
      "entropy/difficulty": 0.8957541375001009,
      "entropy/ambiguity": 0.9755307720176264,
      "entropy/style": 0.9400664543100068,
      "entropy/noise": 0.9080636898218125,
      "entropy/scenario_type": 0.8868595071429147,
      "coverage/intent": 1.0,
      "coverage/difficulty": 1.0,
      "coverage/ambiguity": 1.0,
      "coverage/style": 1.0,
      "coverage/noise": 1.0,
      "coverage/scenario_type": 1.0,
      "mode_seeking_ratio": 0.2272100687737242,
      "text_distance_mean": 0.9327905372025815,
      "coverage_classifier_auroc": 1.0
    }
  ],
  "prompt_history": [
    {
      "version": 0,
      "iteration": 0,
      "prompt": "Generate realistic customer support messages that match the requested intent\nand style. The example should be plausible for a customer support channel\n(email, chat, in-app form). Keep it short to medium length. Output a JSON\nobject with the sample id, the text, and the attribute values.\n",
      "motivation": "initial prompt",
      "feedback_summary": {},
      "timestamp": "2026-06-02T04:11:17.960698+00:00"
    },
    {
      "version": 1,
      "iteration": 1,
      "prompt": "\"\"\"Generate realistic customer support messages that align with the requested intent and style. Ensure a variety of scenarios, including edge cases, ambiguous situations, and low-difficulty inquiries. Avoid repetitive phrasing and overuse of emotional tones. The example should be plausible for a customer support channel (email, chat, in-app form) and vary in length from short to medium. Output a JSON object with the sample id, the text, and the attribute values.\n\nForbidden phrasings:\n- \"Why is the exchange rate on my card wrong?\"\n- \"My card payment has been declined, why?\"\n- \"My card payment has the wrong exchange rate\"\n- \"My card payment has been declined\"\n\nEncourage the generation of diverse edge cases and ambiguous user experiences to enhance representation. Aim for a balanced distribution of emotional and neutral styles. Ensure that the generated messages reflect a range of intents, including common issues and less frequent inquiries. The goal is to create a rich dataset that captures the complexity of customer interactions while maintaining realism and attribute fidelity. \n\nPlease include variations in scenario types and ensure that the generated messages do not lean heavily on any single style or phrasing pattern. Aim for a diverse set of responses that can serve various customer support needs.\"\"\"",
      "motivation": "The batch exhibits a good coverage of attribute values, but there are some near-duplicate phrasings and a few missing combinations of attributes. Additionally, certain scenarios could benefit from more diverse edge cases.",
      "feedback_summary": {
        "iteration": 0,
        "n_attribute_failures": 0,
        "n_realism_artifacts": 0,
        "near_duplicate_rate": 0.15,
        "pack_accuracy": null,
        "mode_seeking_ratio": 0.22511746181375206,
        "n_banned_phrasings": 0,
        "missing_modes": [],
        "overrepresented_modes": [
          "emotional style",
          "edge_case scenario_type"
        ],
        "metrics": {
          "attribute_match_rate": 0.0,
          "discriminator_accuracy": 0.5,
          "synthetic_detection_rate": 0.5,
          "near_duplicate_rate": 0.15,
          "combination_coverage": 0.8,
          "entropy/intent": 0.9822177815287606,
          "entropy/difficulty": 0.9755307720176264,
          "entropy/ambiguity": 0.9850568223215079,
          "entropy/style": 0.9400664543100068,
          "entropy/noise": 0.9822177815287606,
          "entropy/scenario_type": 0.9320201587042913,
          "coverage/intent": 1.0,
          "coverage/difficulty": 1.0,
          "coverage/ambiguity": 1.0,
          "coverage/style": 1.0,
          "coverage/noise": 1.0,
          "coverage/scenario_type": 1.0,
          "mode_seeking_ratio": 0.22511746181375206,
          "text_distance_mean": 0.9454814536919476,
          "coverage_classifier_auroc": 1.0
        }
      },
      "timestamp": "2026-06-02T04:11:54.183227+00:00"
    },
    {
      "version": 2,
      "iteration": 2,
      "prompt": "\"\"\"\"\"\"Generate realistic customer support messages that align with the requested intent and style. Ensure a variety of scenarios, including edge cases, ambiguous situations, and low-difficulty inquiries. Avoid repetitive phrasing and overuse of emotional tones. The example should be plausible for a customer support channel (email, chat, in-app form) and vary in length from short to medium. Output a JSON object with the sample id, the text, and the attribute values.\n\nForbidden phrasings:\n- \"Why is the exchange rate on my card wrong?\"\n- \"My card payment has been declined, why?\"\n- \"My card payment has the wrong exchange rate\"\n- \"My card payment has been declined\"\n\nEncourage the generation of diverse edge cases and ambiguous user experiences to enhance representation. Aim for a balanced distribution of emotional, formal, and neutral styles. Ensure that the generated messages reflect a range of intents, including common issues, complaints, and general questions. Introduce more varied phrasing to reduce near-duplicates and enhance the richness of the dataset. \n\nPlease include variations in scenario types, such as inquiries about fees, transaction limits, and account access, while ensuring that the generated messages do not lean heavily on any single style or phrasing pattern. Aim for a diverse set of responses that can serve various customer support needs, capturing the complexity of customer interactions while maintaining realism and attribute fidelity.\"\"\"\"\"\"",