{
  "run_dir": "E:\\Projects\\PromptForge\\experiments\\task69_no_pack_vs_seed53\\full_attrforge\\20260603T052740Z",
  "n_iterations": 3,
  "final_prompt_version": 2,
  "metric_history": [
    {
      "iteration": 0.0,
      "attribute_match_rate": 0.95,
      "discriminator_accuracy": 1.0,
      "synthetic_detection_rate": 1.0,
      "near_duplicate_rate": 0.25,
      "combination_coverage": 0.7333333333333333,
      "entropy/intent": 1.0000000000000002,
      "entropy/difficulty": 0.8173454221465101,
      "entropy/ambiguity": 0.9372305632161295,
      "entropy/style": 0.9049856125628767,
      "entropy/noise": 0.948181600415076,
      "entropy/scenario_type": 0.9545258142257613,
      "coverage/intent": 1.0,
      "coverage/difficulty": 1.0,
      "coverage/ambiguity": 1.0,
      "coverage/style": 1.0,
      "coverage/noise": 1.0,
      "coverage/scenario_type": 1.0,
      "pack_accuracy": 0.375,
      "pack_confidence": 0.875,
      "mode_seeking_ratio": 0.23391458755972047,
      "text_distance_mean": 0.9524325532264979,
      "banned_phrasings_total": 1.0,
      "banned_phrasings_new": 1.0,
      "coverage_classifier_auroc": 1.0
    },
    {
      "iteration": 1.0,
      "attribute_match_rate": 0.9523809523809523,
      "discriminator_accuracy": 0.8260869565217391,
      "synthetic_detection_rate": 0.8,
      "near_duplicate_rate": 0.25,
      "combination_coverage": 0.7333333333333333,
      "entropy/intent": 0.997303870639173,
      "entropy/difficulty": 0.9424257960378287,
      "entropy/ambiguity": 0.9937866610055328,
      "entropy/style": 0.9277902462594633,
      "entropy/noise": 0.9244658211275739,
      "entropy/scenario_type": 0.9999999999999998,
      "coverage/intent": 1.0,
      "coverage/difficulty": 1.0,
      "coverage/ambiguity": 1.0,
      "coverage/style": 1.0,
      "coverage/noise": 1.0,
      "coverage/scenario_type": 1.0,
      "pack_accuracy": 0.625,
      "pack_confidence": 0.89375,
      "mode_seeking_ratio": 0.22608560358131552,
      "text_distance_mean": 0.9544689983745589,
      "banned_phrasings_total": 1.0,
      "banned_phrasings_new": 0.0,
      "coverage_classifier_auroc": 1.0
    },
    {
      "iteration": 2.0,
      "attribute_match_rate": 0.8181818181818182,
      "discriminator_accuracy": 0.6666666666666666,
      "synthetic_detection_rate": 0.75,
      "near_duplicate_rate": 0.35,
      "combination_coverage": 0.8,
      "entropy/intent": 0.9905114616736054,
      "entropy/difficulty": 0.9741707427017493,
      "entropy/ambiguity": 0.9643787017331664,
      "entropy/style": 0.9098596492561206,
      "entropy/noise": 0.989062158294503,
      "entropy/scenario_type": 0.8716047565197955,
      "coverage/intent": 1.0,
      "coverage/difficulty": 1.0,
      "coverage/ambiguity": 1.0,
      "coverage/style": 1.0,
      "coverage/noise": 1.0,
      "coverage/scenario_type": 1.0,
      "pack_accuracy": 0.5,
      "pack_confidence": 0.875,
      "mode_seeking_ratio": 0.23377310856907615,
      "text_distance_mean": 0.9508193490808815,
      "banned_phrasings_total": 2.0,
      "banned_phrasings_new": 1.0,
      "coverage_classifier_auroc": 1.0
    }
  ],
  "prompt_history": [
    {
      "version": 0,
      "iteration": 0,
      "prompt": "Generate realistic customer support messages that match the requested intent\nand style. The example should be plausible for a customer support channel\n(email, chat, in-app form). Keep it short to medium length. Output a JSON\nobject with the sample id, the text, and the attribute values.\n",
      "motivation": "initial prompt",
      "feedback_summary": {},
      "timestamp": "2026-06-03T05:27:40.817660+00:00"
    },
    {
      "version": 1,
      "iteration": 1,
      "prompt": "\"\"\"Generate realistic customer support messages that match the requested intent and style. The example should be plausible for a customer support channel (email, chat, in-app form). Keep it concise and structured. Output a JSON object with the sample id, the text, and the attribute values.\n\n**Preferred phrasings:**\n- \"ordered 2 items, only got 1. want a refund on the missing one, not a reship.\"\n- \"two factor codes never come through, I've been locked out for 2 days now.\"\n- \"is the pro plan billed monthly or yearly?\"\n- \"Hi team, quick one - does the API have a rate limit on the search endpoint?\"\n\n**Forbidden phrasings:**\n- 'I really hate how this whole thing has gone down.'\n\nEnsure that the generated messages reflect a variety of intents, including formal complaints with detailed reasoning, technical problems with specific error codes, and general questions about service features. Aim for a balance between formal and informal tones, avoiding excessive emotional language. Introduce structural variation in phrasing and sentence construction to enhance diversity and realism. The messages should be assertive and specific, particularly for complaints, and should avoid redundancy in language and structure. Focus on generating samples that are direct, clear, and representative of real customer interactions.\"\"\"",
      "motivation": "The batch exhibits a high level of surface diversity in terms of intents and styles, but there is significant redundancy in phrasing and sentence structure, particularly in informal and emotional styles. Many texts share similar constructions and expressions, leading to a lack of nuanced variation.",
      "feedback_summary": {
        "iteration": 0,
        "n_attribute_failures": 1,
        "n_realism_artifacts": 10,
        "near_duplicate_rate": 0.25,
        "pack_accuracy": 0.375,
        "mode_seeking_ratio": 0.23391458755972047,
        "n_banned_phrasings": 1,
        "missing_modes": [
          "Formal complaint with detailed reasoning",
          "Technical problem with specific error codes",
          "General question about service features in a concise manner"
        ],
        "overrepresented_modes": [
          "Informal style with conversational phrases",
          "Emotional expressions of frustration in refund requests",
          "General questions framed as casual inquiries"
        ],
        "metrics": {
          "attribute_match_rate": 0.95,
          "discriminator_accuracy": 1.0,
          "synthetic_detection_rate": 1.0,
          "near_duplicate_rate": 0.25,
          "combination_coverage": 0.7333333333333333,
          "entropy/intent": 1.0000000000000002,
          "entropy/difficulty": 0.8173454221465101,
          "entropy/ambiguity": 0.9372305632161295,
          "entropy/style": 0.9049856125628767,
          "entropy/noise": 0.948181600415076,
          "entropy/scenario_type": 0.9545258142257613,
          "coverage/intent": 1.0,
          "coverage/difficulty": 1.0,
          "coverage/ambiguity": 1.0,
          "coverage/style": 1.0,
          "coverage/noise": 1.0,
          "coverage/scenario_type": 1.0,
          "pack_accuracy": 0.375,
          "pack_confidence": 0.875,
          "mode_seeking_ratio": 0.23391458755972047,
          "text_distance_mean": 0.9524325532264979,
          "banned_phrasings_total": 1.0,
          "banned_phrasings_new": 1.0,
          "coverage_classifier_auroc": 1.0
        }
      },
      "timestamp": "2026-06-03T05:29:51.191181+00:00"
    },
    {
      "version": 2,
      "iteration": 2,