{
  "attribute_match_rate": 0.9047619047619048,
  "discriminator_accuracy": 1.0,
  "synthetic_detection_rate": 1.0,
  "near_duplicate_rate": 0.25,
  "combination_coverage": 0.8,
  "entropy/intent": 0.997303870639173,
  "entropy/difficulty": 0.9748830897462034,
  "entropy/ambiguity": 0.9999999999999998,
  "entropy/style": 0.9179887045038185,
  "entropy/noise": 0.7847439070669064,
  "entropy/scenario_type": 0.980315378922394,
  "coverage/intent": 1.0,
  "coverage/difficulty": 1.0,
  "coverage/ambiguity": 1.0,
  "coverage/style": 1.0,
  "coverage/noise": 0.8,
  "coverage/scenario_type": 1.0,
  "mode_seeking_ratio": 0.237752558438238,
  "text_distance_mean": 0.967792282167965,
  "banned_phrasings_total": 7.0,
  "banned_phrasings_new": 3.0,
  "coverage_classifier_auroc": 1.0
}