{
  "run_dir": "E:\\Projects\\PromptForge\\experiments\\main_run_002_seed149\\full_attrforge\\20260602T051937Z",
  "n_iterations": 3,
  "final_prompt_version": 2,
  "metric_history": [
    {
      "iteration": 0.0,
      "attribute_match_rate": 0.0625,
      "discriminator_accuracy": 0.9166666666666666,
      "synthetic_detection_rate": 0.7142857142857143,
      "near_duplicate_rate": 0.2,
      "combination_coverage": 0.5333333333333333,
      "entropy/intent": 0.9256951044610051,
      "entropy/difficulty": 0.8024052436705212,
      "entropy/ambiguity": 0.8620485698650452,
      "entropy/style": 0.9218145574751188,
      "entropy/noise": 0.9415787376332126,
      "entropy/scenario_type": 0.8957541375001009,
      "coverage/intent": 1.0,
      "coverage/difficulty": 1.0,
      "coverage/ambiguity": 1.0,
      "coverage/style": 1.0,
      "coverage/noise": 1.0,
      "coverage/scenario_type": 1.0,
      "pack_accuracy": 0.375,
      "pack_confidence": 0.88125,
      "mode_seeking_ratio": 0.24012439054405058,
      "text_distance_mean": 0.9523018691941777,
      "banned_phrasings_total": 3.0,
      "banned_phrasings_new": 3.0,
      "coverage_classifier_auroc": 1.0
    },
    {
      "iteration": 1.0,
      "attribute_match_rate": 0.0625,
      "discriminator_accuracy": 0.875,
      "synthetic_detection_rate": 0.7,
      "near_duplicate_rate": 0.15,
      "combination_coverage": 0.8,
      "entropy/intent": 0.9592101522724051,
      "entropy/difficulty": 0.9755307720176264,
      "entropy/ambiguity": 0.895014514573153,
      "entropy/style": 0.7737056144690831,
      "entropy/noise": 0.9724056781360315,
      "entropy/scenario_type": 0.9497012164384108,
      "coverage/intent": 1.0,
      "coverage/difficulty": 1.0,
      "coverage/ambiguity": 1.0,
      "coverage/style": 1.0,
      "coverage/noise": 1.0,
      "coverage/scenario_type": 1.0,
      "pack_accuracy": 0.375,
      "pack_confidence": 0.90625,
      "mode_seeking_ratio": 0.22854311497926386,
      "text_distance_mean": 0.9457594148281231,
      "banned_phrasings_total": 7.0,
      "banned_phrasings_new": 4.0,
      "coverage_classifier_auroc": 1.0
    },
    {
      "iteration": 2.0,
      "attribute_match_rate": 0.0,
      "discriminator_accuracy": 0.5833333333333334,
      "synthetic_detection_rate": 0.2222222222222222,
      "near_duplicate_rate": 0.15,
      "combination_coverage": 0.6,
      "entropy/intent": 0.9283832117695864,
      "entropy/difficulty": 0.9497012164384108,
      "entropy/ambiguity": 0.9850568223215079,
      "entropy/style": 0.9099617502405772,
      "entropy/noise": 0.9592101522724051,
      "entropy/scenario_type": 0.9497012164384108,
      "coverage/intent": 1.0,
      "coverage/difficulty": 1.0,
      "coverage/ambiguity": 1.0,
      "coverage/style": 1.0,
      "coverage/noise": 1.0,
      "coverage/scenario_type": 1.0,
      "pack_accuracy": 0.375,
      "pack_confidence": 0.88125,
      "mode_seeking_ratio": 0.22702089493721206,
      "text_distance_mean": 0.9514826903977242,
      "banned_phrasings_total": 11.0,
      "banned_phrasings_new": 4.0,
      "coverage_classifier_auroc": 1.0
    }
  ],
  "prompt_history": [
    {
      "version": 0,
      "iteration": 0,
      "prompt": "Generate realistic customer support messages that match the requested intent\nand style. The example should be plausible for a customer support channel\n(email, chat, in-app form). Keep it short to medium length. Output a JSON\nobject with the sample id, the text, and the attribute values.\n",
      "motivation": "initial prompt",
      "feedback_summary": {},
      "timestamp": "2026-06-02T05:19:37.902753+00:00"
    },
    {
      "version": 1,
      "iteration": 1,
      "prompt": "\"\"\"Generate diverse and realistic customer support messages that align with the specified intent and style. Ensure the messages reflect a range of emotional tones, from frustration to curiosity, and vary in complexity and structure. Incorporate both common and edge case scenarios, ensuring some messages contain missing details to enhance ambiguity. Each message should be plausible for a customer support channel (email, chat, in-app form) and maintain a balance of difficulty levels. \n\nOutput a JSON object with the following fields:\n- sample_id: A unique identifier for the message.\n- text: The customer support message.\n- attributes: An object containing the following attributes:\n  - intent: The purpose of the message (e.g., general question, refund request).\n  - difficulty: The complexity of the issue (e.g., easy, medium, hard).\n  - ambiguity: The level of detail provided (e.g., clear, ambiguous).\n  - style: The emotional tone (e.g., formal, informal, emotional).\n  - noise: The presence of irrelevant details (e.g., low, medium, high).\n  - scenario_type: The nature of the situation (e.g., common, rare).\n\nForbidden phrasings:\n- 'I feel let down.'\n- \"I can't believe this is happening!\"\n- 'I was really looking forward to wearing it!'\n\nAim for a variety of sentence structures and avoid repetitive patterns to enhance the authenticity of the responses.\"\"\"",
      "motivation": "The batch of synthetic samples demonstrates a good coverage of the attribute schema, with all modes represented. However, there are some issues with missing attribute combinations and near-duplicate phrasings.",
      "feedback_summary": {
        "iteration": 0,
        "n_attribute_failures": 15,
        "n_realism_artifacts": 5,
        "near_duplicate_rate": 0.2,
        "pack_accuracy": 0.375,
        "mode_seeking_ratio": 0.24012439054405058,
        "n_banned_phrasings": 3,
        "missing_modes": [],
        "overrepresented_modes": [
          "emotional",
          "common"
        ],
        "metrics": {
          "attribute_match_rate": 0.0625,
          "discriminator_accuracy": 0.9166666666666666,
          "synthetic_detection_rate": 0.7142857142857143,
          "near_duplicate_rate": 0.2,
          "combination_coverage": 0.5333333333333333,
          "entropy/intent": 0.9256951044610051,
          "entropy/difficulty": 0.8024052436705212,
          "entropy/ambiguity": 0.8620485698650452,
          "entropy/style": 0.9218145574751188,
          "entropy/noise": 0.9415787376332126,
          "entropy/scenario_type": 0.8957541375001009,
          "coverage/intent": 1.0,
          "coverage/difficulty": 1.0,
          "coverage/ambiguity": 1.0,
          "coverage/style": 1.0,
          "coverage/noise": 1.0,
          "coverage/scenario_type": 1.0,
          "pack_accuracy": 0.375,
          "pack_confidence": 0.88125,
          "mode_seeking_ratio": 0.24012439054405058,
          "text_distance_mean": 0.9523018691941777,
          "banned_phrasings_total": 3.0,
          "banned_phrasings_new": 3.0,
          "coverage_classifier_auroc": 1.0
        }
      },
      "timestamp": "2026-06-02T05:21:12.395813+00:00"
    },
    {
      "version": 2,
      "iteration": 2,