{
  "attribute_match_rate": 0.0,
  "discriminator_accuracy": 0.9166666666666666,
  "synthetic_detection_rate": 1.0,
  "near_duplicate_rate": 0.15,
  "combination_coverage": 0.6666666666666666,
  "entropy/intent": 0.9487027337173605,
  "entropy/difficulty": 0.8024052436705212,
  "entropy/ambiguity": 0.9755307720176264,
  "entropy/style": 0.9306282244165779,
  "entropy/noise": 0.9415787376332126,
  "entropy/scenario_type": 0.9755307720176264,
  "coverage/intent": 1.0,
  "coverage/difficulty": 1.0,
  "coverage/ambiguity": 1.0,
  "coverage/style": 1.0,
  "coverage/noise": 1.0,
  "coverage/scenario_type": 1.0
}