{
  "run_dir": "E:\\Projects\\PromptForge\\experiments\\banking77_run_001_seed41\\full_attrforge\\20260602T044721Z",
  "n_iterations": 3,
  "final_prompt_version": 2,
  "metric_history": [
    {
      "iteration": 0.0,
      "attribute_match_rate": 0.125,
      "discriminator_accuracy": 0.8333333333333334,
      "synthetic_detection_rate": 0.0,
      "near_duplicate_rate": 0.25,
      "combination_coverage": 0.4666666666666667,
      "entropy/intent": 0.8746845143040606,
      "entropy/difficulty": 0.9497012164384108,
      "entropy/ambiguity": 0.9320201587042913,
      "entropy/style": 0.9099617502405772,
      "entropy/noise": 0.9690222556651344,
      "entropy/scenario_type": 0.9965119062478287,
      "coverage/intent": 0.8,
      "coverage/difficulty": 1.0,
      "coverage/ambiguity": 1.0,
      "coverage/style": 1.0,
      "coverage/noise": 1.0,
      "coverage/scenario_type": 1.0,
      "pack_accuracy": 0.75,
      "pack_confidence": 0.875,
      "mode_seeking_ratio": 0.21764439224621887,
      "text_distance_mean": 0.9322971942041491,
      "banned_phrasings_total": 4.0,
      "banned_phrasings_new": 4.0,
      "coverage_classifier_auroc": 1.0
    },
    {
      "iteration": 1.0,
      "attribute_match_rate": 0.25,
      "discriminator_accuracy": 0.8333333333333334,
      "synthetic_detection_rate": 1.0,
      "near_duplicate_rate": 0.15,
      "combination_coverage": 0.43333333333333335,
      "entropy/intent": 0.8512585011900043,
      "entropy/difficulty": 0.946394630357186,
      "entropy/ambiguity": 0.9755307720176264,
      "entropy/style": 0.8122368321121995,
      "entropy/noise": 0.9415787376332126,
      "entropy/scenario_type": 0.9755307720176264,
      "coverage/intent": 0.8,
      "coverage/difficulty": 1.0,
      "coverage/ambiguity": 1.0,
      "coverage/style": 0.8333333333333334,
      "coverage/noise": 1.0,
      "coverage/scenario_type": 1.0,
      "pack_accuracy": 0.375,
      "pack_confidence": 0.9,
      "mode_seeking_ratio": 0.21344631468856198,
      "text_distance_mean": 0.9271957216122921,
      "banned_phrasings_total": 7.0,
      "banned_phrasings_new": 3.0,
      "coverage_classifier_auroc": 1.0
    },
    {
      "iteration": 2.0,
      "attribute_match_rate": 0.25,
      "discriminator_accuracy": 0.9583333333333334,
      "synthetic_detection_rate": 0.0,
      "near_duplicate_rate": 0.15,
      "combination_coverage": 0.5,
      "entropy/intent": 0.8746845143040606,
      "entropy/difficulty": 0.8957541375001009,
      "entropy/ambiguity": 0.9497012164384108,
      "entropy/style": 0.8226867783253707,
      "entropy/noise": 0.9283832117695864,
      "entropy/scenario_type": 0.9497012164384108,
      "coverage/intent": 0.8,
      "coverage/difficulty": 1.0,
      "coverage/ambiguity": 1.0,
      "coverage/style": 0.8333333333333334,
      "coverage/noise": 1.0,
      "coverage/scenario_type": 1.0,
      "pack_accuracy": 0.625,
      "pack_confidence": 0.89375,
      "mode_seeking_ratio": 0.225889595930956,
      "text_distance_mean": 0.9383274218555357,
      "banned_phrasings_total": 11.0,
      "banned_phrasings_new": 4.0,
      "coverage_classifier_auroc": 1.0
    }
  ],
  "prompt_history": [
    {
      "version": 0,
      "iteration": 0,
      "prompt": "Generate realistic banking customer-support messages that match the requested intent\nand style. The example should be plausible for a customer support channel\n(email, chat, in-app form). Keep it short to medium length. Output a JSON\nobject with the sample id, the text, and the attribute values.\n",
      "motivation": "initial prompt",
      "feedback_summary": {},
      "timestamp": "2026-06-02T04:47:21.896084+00:00"
    },
    {
      "version": 1,
      "iteration": 1,
      "prompt": "\"\"\"Generate realistic banking customer-support messages that match the requested intent and style. Ensure the messages are plausible for a customer support channel (email, chat, in-app form) and vary in structure and phrasing to avoid repetition. Incorporate a range of intents, including underrepresented scenarios like 'card_payment_fee_charged', 'card_not_working', and 'pending_card_payment'. Keep the messages short to medium length and include some conversational elements. Output a JSON object with the sample id, the text, and the attribute values.\n\nForbidden phrasings:\n- 'I noticed a charge on my statement'\n- 'I attempted to top up my card'\n- \"I'm so anxious!\"\n- 'Can you help me with this? Thanks!'\n\nEnsure the generated messages reflect a variety of emotional tones and complexities, with some containing minor errors or informal language to enhance realism. Aim for diversity in expressions and scenarios to cover a broader range of customer experiences. The output should reflect a balance of difficulty and ambiguity while maintaining clarity of intent. Avoid overly simplistic or generic responses to ensure a rich dataset for training.\"\"\"",
      "motivation": "The batch of synthetic samples demonstrates a high coverage of attribute values, but there are missing intents and some near-duplicate phrasings. The diversity could be improved by including more edge cases and unique expressions.",
      "feedback_summary": {
        "iteration": 0,
        "n_attribute_failures": 14,
        "n_realism_artifacts": 4,
        "near_duplicate_rate": 0.25,
        "pack_accuracy": 0.75,
        "mode_seeking_ratio": 0.21764439224621887,
        "n_banned_phrasings": 4,
        "missing_modes": [
          "card_payment_fee_charged",
          "card_not_working",
          "pending_card_payment"
        ],
        "overrepresented_modes": [
          "lost_or_stolen_card",
          "card_swallowed"
        ],
        "metrics": {
          "attribute_match_rate": 0.125,
          "discriminator_accuracy": 0.8333333333333334,
          "synthetic_detection_rate": 0.0,
          "near_duplicate_rate": 0.25,
          "combination_coverage": 0.4666666666666667,
          "entropy/intent": 0.8746845143040606,
          "entropy/difficulty": 0.9497012164384108,
          "entropy/ambiguity": 0.9320201587042913,
          "entropy/style": 0.9099617502405772,
          "entropy/noise": 0.9690222556651344,
          "entropy/scenario_type": 0.9965119062478287,
          "coverage/intent": 0.8,
          "coverage/difficulty": 1.0,
          "coverage/ambiguity": 1.0,
          "coverage/style": 1.0,
          "coverage/noise": 1.0,
          "coverage/scenario_type": 1.0,
          "pack_accuracy": 0.75,
          "pack_confidence": 0.875,
          "mode_seeking_ratio": 0.21764439224621887,
          "text_distance_mean": 0.9322971942041491,
          "banned_phrasings_total": 4.0,
          "banned_phrasings_new": 4.0,
          "coverage_classifier_auroc": 1.0
        }
      },
      "timestamp": "2026-06-02T04:49:12.947086+00:00"
    },
    {
      "version": 2,
      "iteration": 2,