{
  "mode_seeking_ratio": 0.2266287749777662,
  "n_pairs": 120,
  "text_distance_mean": 0.9351782260418633,
  "target_distance_mean": 4.458333333333333,
  "attribute_sensitivity": {
    "style": 0.0,
    "intent": 0.0,
    "noise": 0.0,
    "ambiguity": 0.0,
    "difficulty": 0.0,
    "scenario_type": 0.0
  }
}