{
  "mode_seeking_ratio": 0.218125168131559,
  "n_pairs": 120,
  "text_distance_mean": 0.9309570959655836,
  "target_distance_mean": 4.625,
  "attribute_sensitivity": {
    "ambiguity": 0.0,
    "intent": 0.0,
    "difficulty": 0.0,
    "scenario_type": 0.0,
    "style": 0.0,
    "noise": 0.8321647734991816
  }
}