{
  "run_dir": "E:\\Projects\\PromptForge\\experiments\\task69_no_pack_vs_seed53\\no_pack\\20260603T053503Z",
  "n_iterations": 3,
  "final_prompt_version": 2,
  "metric_history": [
    {
      "iteration": 0.0,
      "attribute_match_rate": 0.8333333333333334,
      "discriminator_accuracy": 0.3333333333333333,
      "synthetic_detection_rate": 0.5833333333333334,
      "near_duplicate_rate": 0.25,
      "combination_coverage": 0.7333333333333333,
      "entropy/intent": 0.9977436826817001,
      "entropy/difficulty": 0.849908623948111,
      "entropy/ambiguity": 0.9562716184481166,
      "entropy/style": 0.8990207384578003,
      "entropy/noise": 0.926541900214144,
      "entropy/scenario_type": 0.9562716184481166,
      "coverage/intent": 1.0,
      "coverage/difficulty": 1.0,
      "coverage/ambiguity": 1.0,
      "coverage/style": 1.0,
      "coverage/noise": 1.0,
      "coverage/scenario_type": 1.0,
      "mode_seeking_ratio": 0.2372626907094002,
      "text_distance_mean": 0.9564918433582565,
      "banned_phrasings_total": 1.0,
      "banned_phrasings_new": 1.0,
      "coverage_classifier_auroc": 1.0
    },
    {
      "iteration": 1.0,
      "attribute_match_rate": 0.9523809523809523,
      "discriminator_accuracy": 0.125,
      "synthetic_detection_rate": 0.18181818181818182,
      "near_duplicate_rate": 0.25,
      "combination_coverage": 0.7333333333333333,
      "entropy/intent": 0.997303870639173,
      "entropy/difficulty": 0.8946747982463996,
      "entropy/ambiguity": 0.9937866610055328,
      "entropy/style": 0.8819164114869991,
      "entropy/noise": 0.9529073308031801,
      "entropy/scenario_type": 0.9937866610055328,
      "coverage/intent": 1.0,
      "coverage/difficulty": 1.0,
      "coverage/ambiguity": 1.0,
      "coverage/style": 1.0,
      "coverage/noise": 1.0,
      "coverage/scenario_type": 1.0,
      "mode_seeking_ratio": 0.23207290838458933,
      "text_distance_mean": 0.9609795873387343,
      "banned_phrasings_total": 5.0,
      "banned_phrasings_new": 4.0,
      "coverage_classifier_auroc": 1.0
    },
    {
      "iteration": 2.0,
      "attribute_match_rate": 0.8181818181818182,
      "discriminator_accuracy": 0.2916666666666667,
      "synthetic_detection_rate": 0.5384615384615384,
      "near_duplicate_rate": 0.25,
      "combination_coverage": 0.8,
      "entropy/intent": 0.9905114616736054,
      "entropy/difficulty": 0.9643787017331664,
      "entropy/ambiguity": 0.987029693781109,
      "entropy/style": 0.9098596492561206,
      "entropy/noise": 0.9833753864788932,
      "entropy/scenario_type": 0.9056185178648963,
      "coverage/intent": 1.0,
      "coverage/difficulty": 1.0,
      "coverage/ambiguity": 1.0,
      "coverage/style": 1.0,
      "coverage/noise": 1.0,
      "coverage/scenario_type": 1.0,
      "mode_seeking_ratio": 0.23131532422931705,
      "text_distance_mean": 0.9622762192248252,
      "banned_phrasings_total": 7.0,
      "banned_phrasings_new": 2.0,
      "coverage_classifier_auroc": 1.0
    }
  ],
  "prompt_history": [
    {
      "version": 0,
      "iteration": 0,
      "prompt": "Generate realistic customer support messages that match the requested intent\nand style. The example should be plausible for a customer support channel\n(email, chat, in-app form). Keep it short to medium length. Output a JSON\nobject with the sample id, the text, and the attribute values.\n",
      "motivation": "initial prompt",
      "feedback_summary": {},
      "timestamp": "2026-06-03T05:35:03.270423+00:00"
    },
    {
      "version": 1,
      "iteration": 1,
      "prompt": "\"\"\"Generate realistic customer support messages that match the requested intent and style. Ensure the messages are formal, concise, and structured, suitable for a customer support channel (email, chat, in-app form). Keep the length short to medium. Output a JSON object with the sample id, the text, and the attribute values.\n\n**Preferred phrasings:**\n- \"Is the pro plan billed monthly or yearly?\"\n- \"When I click checkout, nothing happens; just a spinner forever. I'm on Safari 17.\"\n- \"Hi team, quick one - does the API have a rate limit on the search endpoint?\"\n- \"CSV import keeps timing out at ~3000 rows. Is there a row limit nobody documented?\"\n\n**Forbidden phrasings:**\n- \"I\u2019ve seen mixed information.\"\n\nEnsure that the generated messages cover a diverse range of intents, including formal requests for refunds, technical problems expressed with emotional undertones, and complaints with varied structures and vocabulary. Aim for clarity and specificity to reduce ambiguity and noise. Avoid repetitive phrasing and emotional expressions in refund requests and complaints. Strive for unique and nuanced expressions across all scenarios while maintaining attribute fidelity.",
      "motivation": "The batch exhibits a variety of intents and styles, but there are noticeable patterns in phrasing and structure, particularly in refund requests and complaints. Several texts also share similar emotional tones and informal styles, leading to a lack of nuanced diversity.",
      "feedback_summary": {
        "iteration": 0,
        "n_attribute_failures": 4,
        "n_realism_artifacts": 18,
        "near_duplicate_rate": 0.25,
        "pack_accuracy": null,
        "mode_seeking_ratio": 0.2372626907094002,
        "n_banned_phrasings": 1,
        "missing_modes": [
          "formal and concise requests for refunds",
          "technical problems described with emotional undertones",
          "complaints expressed in a fragmented style"
        ],
        "overrepresented_modes": [
          "informal emotional expressions in refund requests",
          "complaints using a similar structure of dissatisfaction",
          "general questions framed in a casual tone"
        ],
        "metrics": {
          "attribute_match_rate": 0.8333333333333334,
          "discriminator_accuracy": 0.3333333333333333,
          "synthetic_detection_rate": 0.5833333333333334,
          "near_duplicate_rate": 0.25,
          "combination_coverage": 0.7333333333333333,
          "entropy/intent": 0.9977436826817001,
          "entropy/difficulty": 0.849908623948111,
          "entropy/ambiguity": 0.9562716184481166,
          "entropy/style": 0.8990207384578003,
          "entropy/noise": 0.926541900214144,
          "entropy/scenario_type": 0.9562716184481166,
          "coverage/intent": 1.0,
          "coverage/difficulty": 1.0,
          "coverage/ambiguity": 1.0,
          "coverage/style": 1.0,
          "coverage/noise": 1.0,
          "coverage/scenario_type": 1.0,
          "mode_seeking_ratio": 0.2372626907094002,
          "text_distance_mean": 0.9564918433582565,
          "banned_phrasings_total": 1.0,
          "banned_phrasings_new": 1.0,
          "coverage_classifier_auroc": 1.0
        }
      },
      "timestamp": "2026-06-03T05:37:19.634035+00:00"
    },
    {
      "version": 2,
      "iteration": 2,