{
  "attribute_match_rate": 1.0,
  "discriminator_accuracy": 0.4166666666666667,
  "synthetic_detection_rate": 0.9090909090909091,
  "near_duplicate_rate": 0.25,
  "combination_coverage": 0.7333333333333333,
  "entropy/intent": 1.0000000000000002,
  "entropy/difficulty": 0.9089460785096519,
  "entropy/ambiguity": 0.9372305632161295,
  "entropy/style": 0.8979346790097092,
  "entropy/noise": 0.9135198794517726,
  "entropy/scenario_type": 0.9835386311891134,
  "coverage/intent": 1.0,
  "coverage/difficulty": 1.0,
  "coverage/ambiguity": 1.0,
  "coverage/style": 1.0,
  "coverage/noise": 1.0,
  "coverage/scenario_type": 1.0,
  "mode_seeking_ratio": 0.24115664585772242,
  "text_distance_mean": 0.9665369768850084,
  "banned_phrasings_total": 2.0,
  "banned_phrasings_new": 0.0,
  "coverage_classifier_auroc": 1.0
}