{
  "attribute_match_rate": 1.0,
  "discriminator_accuracy": 0.16666666666666666,
  "synthetic_detection_rate": 0.3076923076923077,
  "near_duplicate_rate": 0.35,
  "combination_coverage": 0.9333333333333333,
  "entropy/intent": 1.0000000000000002,
  "entropy/difficulty": 0.9911594714322187,
  "entropy/ambiguity": 0.8649735207179272,
  "entropy/style": 0.9318104107471041,
  "entropy/noise": 0.9596390821693783,
  "entropy/scenario_type": 0.9713107216099229,
  "coverage/intent": 1.0,
  "coverage/difficulty": 1.0,
  "coverage/ambiguity": 1.0,
  "coverage/style": 1.0,
  "coverage/noise": 1.0,
  "coverage/scenario_type": 1.0,
  "pack_accuracy": 0.75,
  "pack_confidence": 0.9,
  "mode_seeking_ratio": 0.22655069764542565,
  "text_distance_mean": 0.9504118785602385,
  "banned_phrasings_total": 3.0,
  "banned_phrasings_new": 1.0,
  "coverage_classifier_auroc": 1.0
}