{
  "mode_seeking_ratio": 0.22655069764542565,
  "n_pairs": 190,
  "text_distance_mean": 0.9504118785602385,
  "target_distance_mean": 4.457894736842105,
  "attribute_sensitivity": {
    "noise": 0.0,
    "ambiguity": 0.0,
    "difficulty": 0.0,
    "style": 0.8940006986276179,
    "scenario_type": 0.0,
    "intent": 0.0
  }
}