{
  "attribute_match_rate": 0.8260869565217391,
  "discriminator_accuracy": 0.20833333333333334,
  "synthetic_detection_rate": 0.2857142857142857,
  "near_duplicate_rate": 0.35,
  "combination_coverage": 0.8666666666666667,
  "entropy/intent": 0.9810145480662165,
  "entropy/difficulty": 0.940725014049597,
  "entropy/ambiguity": 0.9323544458797425,
  "entropy/style": 0.9237794341096142,
  "entropy/noise": 0.9280428027770243,
  "entropy/scenario_type": 0.9876197168461961,
  "coverage/intent": 1.0,
  "coverage/difficulty": 1.0,
  "coverage/ambiguity": 1.0,
  "coverage/style": 1.0,
  "coverage/noise": 1.0,
  "coverage/scenario_type": 1.0,
  "pack_accuracy": 0.75,
  "pack_confidence": 0.9,
  "mode_seeking_ratio": 0.2344517091552329,
  "text_distance_mean": 0.951289152773871,
  "banned_phrasings_total": 2.0,
  "banned_phrasings_new": 0.0,
  "coverage_classifier_auroc": 1.0
}