{
  "attribute_match_rate": 0.0,
  "discriminator_accuracy": 0.5,
  "synthetic_detection_rate": 0.5,
  "near_duplicate_rate": 0.15,
  "combination_coverage": 0.43333333333333335,
  "entropy/intent": 0.8136297517320067,
  "entropy/difficulty": 0.8868595071429147,
  "entropy/ambiguity": 0.9497012164384108,
  "entropy/style": 0.9488801212514659,
  "entropy/noise": 0.9592101522724051,
  "entropy/scenario_type": 0.9497012164384108,
  "coverage/intent": 0.7,
  "coverage/difficulty": 1.0,
  "coverage/ambiguity": 1.0,
  "coverage/style": 1.0,
  "coverage/noise": 1.0,
  "coverage/scenario_type": 1.0
}