{
  "attribute_match_rate": 0.8636363636363636,
  "discriminator_accuracy": 1.0,
  "synthetic_detection_rate": 1.0,
  "near_duplicate_rate": 0.25,
  "combination_coverage": 0.8,
  "entropy/intent": 0.9905114616736054,
  "entropy/difficulty": 0.9477954545532472,
  "entropy/ambiguity": 0.906359331174966,
  "entropy/style": 0.995226686335856,
  "entropy/noise": 0.972959493974982,
  "entropy/scenario_type": 0.9981459752167369,
  "coverage/intent": 1.0,
  "coverage/difficulty": 1.0,
  "coverage/ambiguity": 1.0,
  "coverage/style": 1.0,
  "coverage/noise": 1.0,
  "coverage/scenario_type": 1.0,
  "pack_accuracy": 0.5,
  "pack_confidence": 0.8875,
  "mode_seeking_ratio": 0.22710096806696017,
  "text_distance_mean": 0.9498099868016342,
  "banned_phrasings_total": 3.0,
  "banned_phrasings_new": 1.0,
  "coverage_classifier_auroc": 1.0
}