{
  "attribute_match_rate": 0.95,
  "discriminator_accuracy": 0.3333333333333333,
  "synthetic_detection_rate": 0.4375,
  "near_duplicate_rate": 0.35,
  "combination_coverage": 0.7333333333333333,
  "entropy/intent": 1.0000000000000002,
  "entropy/difficulty": 0.9713107216099229,
  "entropy/ambiguity": 0.9089460785096519,
  "entropy/style": 0.9850972089384687,
  "entropy/noise": 0.9780451855744626,
  "entropy/scenario_type": 0.9545258142257613,
  "coverage/intent": 1.0,
  "coverage/difficulty": 1.0,
  "coverage/ambiguity": 1.0,
  "coverage/style": 1.0,
  "coverage/noise": 1.0,
  "coverage/scenario_type": 1.0,
  "mode_seeking_ratio": 0.22903602259994904,
  "text_distance_mean": 0.9456645235998266,
  "banned_phrasings_total": 5.0,
  "banned_phrasings_new": 3.0,
  "coverage_classifier_auroc": 1.0
}