{
  "mode_seeking_ratio": 0.22903602259994904,
  "n_pairs": 190,
  "text_distance_mean": 0.9456645235998266,
  "target_distance_mean": 4.521052631578947,
  "attribute_sensitivity": {
    "noise": 0.0,
    "ambiguity": 0.0,
    "difficulty": 0.0,
    "style": 0.8759187758432846,
    "scenario_type": 0.0,
    "intent": 0.942810551427563
  }
}