{
  "attribute_match_rate": 0.8260869565217391,
  "discriminator_accuracy": 0.125,
  "synthetic_detection_rate": 0.2727272727272727,
  "near_duplicate_rate": 0.25,
  "combination_coverage": 0.8,
  "entropy/intent": 0.9909775756786534,
  "entropy/difficulty": 0.9703599343920261,
  "entropy/ambiguity": 0.9982526816976661,
  "entropy/style": 0.9849269366259108,
  "entropy/noise": 0.9627069364469679,
  "entropy/scenario_type": 0.9782534167892908,
  "coverage/intent": 1.0,
  "coverage/difficulty": 1.0,
  "coverage/ambiguity": 1.0,
  "coverage/style": 1.0,
  "coverage/noise": 1.0,
  "coverage/scenario_type": 1.0,
  "mode_seeking_ratio": 0.22398061710227787,
  "text_distance_mean": 0.9594491760717636,
  "banned_phrasings_total": 4.0,
  "banned_phrasings_new": 1.0,
  "coverage_classifier_auroc": 1.0
}