{
  "mode_seeking_ratio": 0.22620905432780986,
  "n_pairs": 120,
  "text_distance_mean": 0.9421224115762636,
  "target_distance_mean": 4.383333333333334,
  "attribute_sensitivity": {
    "difficulty": 0.0,
    "intent": 0.0,
    "style": 0.0,
    "ambiguity": 0.0,
    "scenario_type": 0.0,
    "noise": 0.0
  }
}