{
  "run_dir": "E:\\Projects\\PromptForge\\experiments\\main_run_002_seed109\\full_attrforge\\20260602T041727Z",
  "n_iterations": 3,
  "final_prompt_version": 2,
  "metric_history": [
    {
      "iteration": 0.0,
      "attribute_match_rate": 0.0625,
      "discriminator_accuracy": 0.9166666666666666,
      "synthetic_detection_rate": 1.0,
      "near_duplicate_rate": 0.15,
      "combination_coverage": 0.8,
      "entropy/intent": 0.9822177815287606,
      "entropy/difficulty": 0.9755307720176264,
      "entropy/ambiguity": 0.9850568223215079,
      "entropy/style": 0.9400664543100068,
      "entropy/noise": 0.9822177815287606,
      "entropy/scenario_type": 0.9320201587042913,
      "coverage/intent": 1.0,
      "coverage/difficulty": 1.0,
      "coverage/ambiguity": 1.0,
      "coverage/style": 1.0,
      "coverage/noise": 1.0,
      "coverage/scenario_type": 1.0,
      "pack_accuracy": 0.625,
      "pack_confidence": 0.8875,
      "mode_seeking_ratio": 0.22483004170428939,
      "text_distance_mean": 0.9435620736869611,
      "banned_phrasings_total": 3.0,
      "banned_phrasings_new": 3.0,
      "coverage_classifier_auroc": 1.0
    },
    {
      "iteration": 1.0,
      "attribute_match_rate": 0.0,
      "discriminator_accuracy": 0.9166666666666666,
      "synthetic_detection_rate": 1.0,
      "near_duplicate_rate": 0.15,
      "combination_coverage": 0.6666666666666666,
      "entropy/intent": 0.8647365386176832,
      "entropy/difficulty": 0.9965119062478287,
      "entropy/ambiguity": 0.9850568223215079,
      "entropy/style": 0.9488801212514659,
      "entropy/noise": 0.9256951044610051,
      "entropy/scenario_type": 0.9755307720176264,
      "coverage/intent": 1.0,
      "coverage/difficulty": 1.0,
      "coverage/ambiguity": 1.0,
      "coverage/style": 1.0,
      "coverage/noise": 1.0,
      "coverage/scenario_type": 1.0,
      "pack_accuracy": 0.25,
      "pack_confidence": 0.89375,
      "mode_seeking_ratio": 0.21798002306507544,
      "text_distance_mean": 0.9333174677663351,
      "banned_phrasings_total": 7.0,
      "banned_phrasings_new": 4.0,
      "coverage_classifier_auroc": 1.0
    },
    {
      "iteration": 2.0,
      "attribute_match_rate": 0.0625,
      "discriminator_accuracy": 0.9166666666666666,
      "synthetic_detection_rate": 1.0,
      "near_duplicate_rate": 0.15,
      "combination_coverage": 0.7333333333333333,
      "entropy/intent": 0.9592101522724051,
      "entropy/difficulty": 0.8957541375001009,
      "entropy/ambiguity": 0.9755307720176264,
      "entropy/style": 0.9400664543100068,
      "entropy/noise": 0.9080636898218125,
      "entropy/scenario_type": 0.8868595071429147,
      "coverage/intent": 1.0,
      "coverage/difficulty": 1.0,
      "coverage/ambiguity": 1.0,
      "coverage/style": 1.0,
      "coverage/noise": 1.0,
      "coverage/scenario_type": 1.0,
      "pack_accuracy": 0.625,
      "pack_confidence": 0.8875,
      "mode_seeking_ratio": 0.22730768999079404,
      "text_distance_mean": 0.9347466770855765,
      "banned_phrasings_total": 11.0,
      "banned_phrasings_new": 4.0,
      "coverage_classifier_auroc": 1.0
    }
  ],
  "prompt_history": [
    {
      "version": 0,
      "iteration": 0,
      "prompt": "Generate realistic customer support messages that match the requested intent\nand style. The example should be plausible for a customer support channel\n(email, chat, in-app form). Keep it short to medium length. Output a JSON\nobject with the sample id, the text, and the attribute values.\n",
      "motivation": "initial prompt",
      "feedback_summary": {},
      "timestamp": "2026-06-02T04:17:27.062812+00:00"
    },
    {
      "version": 1,
      "iteration": 1,
      "prompt": "\"\"\"Generate realistic customer support messages that align with the requested intent and style. The messages should reflect a variety of scenarios, including edge cases, and maintain a balance between formal and informal tones. Ensure the text is plausible for a customer support channel (email, chat, in-app form) and varies in complexity. Output a JSON object with the sample id, the text, and the attribute values.\n\nForbidden phrasings:\n- 'I\u2019m really upset about'\n- 'Can you help?'\n- 'I expected so much more from your service'\n\nConsider incorporating a mix of emotional and neutral tones, and aim for diverse sentence structures to minimize repetition. Avoid overly polished language; instead, include realistic noise and ambiguity where appropriate. Strive for a range of difficulties, from straightforward inquiries to more complex issues, while ensuring that the intent remains clear. Aim for a unique phrasing for each message to enhance diversity and reduce near-duplicates.\n\n\"\"\"",
      "motivation": "The batch of synthetic samples demonstrates a good coverage of attribute values, but there are some near-duplicate phrasings and a few missing combinations of attributes. The diversity is generally acceptable, yet certain edge cases are underrepresented.",
      "feedback_summary": {
        "iteration": 0,
        "n_attribute_failures": 15,
        "n_realism_artifacts": 3,
        "near_duplicate_rate": 0.15,
        "pack_accuracy": 0.625,
        "mode_seeking_ratio": 0.22483004170428939,
        "n_banned_phrasings": 3,
        "missing_modes": [],
        "overrepresented_modes": [
          "emotional",
          "informal"
        ],
        "metrics": {
          "attribute_match_rate": 0.0625,
          "discriminator_accuracy": 0.9166666666666666,
          "synthetic_detection_rate": 1.0,
          "near_duplicate_rate": 0.15,
          "combination_coverage": 0.8,
          "entropy/intent": 0.9822177815287606,
          "entropy/difficulty": 0.9755307720176264,
          "entropy/ambiguity": 0.9850568223215079,
          "entropy/style": 0.9400664543100068,
          "entropy/noise": 0.9822177815287606,
          "entropy/scenario_type": 0.9320201587042913,
          "coverage/intent": 1.0,
          "coverage/difficulty": 1.0,
          "coverage/ambiguity": 1.0,
          "coverage/style": 1.0,
          "coverage/noise": 1.0,
          "coverage/scenario_type": 1.0,
          "pack_accuracy": 0.625,
          "pack_confidence": 0.8875,
          "mode_seeking_ratio": 0.22483004170428939,
          "text_distance_mean": 0.9435620736869611,
          "banned_phrasings_total": 3.0,
          "banned_phrasings_new": 3.0,
          "coverage_classifier_auroc": 1.0
        }
      },
      "timestamp": "2026-06-02T04:20:34.257658+00:00"
    },
    {
      "version": 2,
      "iteration": 2,
      "prompt": "\"\"\"\"\"\"Generate realistic customer support messages that align with the requested intent and style. The messages should reflect a wide range of scenarios, including edge cases, and maintain a balance between formal and informal tones. Ensure the text is plausible for a customer support channel (email, chat, in-app form) and varies in complexity and structure. Output a JSON object with the sample id, the text, and the attribute values.\n\nForbidden phrasings:\n- 'I\u2019m really upset about'\n- 'Can you help?'\n- 'I expected so much more from your service'\n- 'Hey, so'\n- 'Like,'\n- \"I just can't believe\"\n- 'Not sure if that affects anything, but can y'\n\nIncorporate a mix of emotional and neutral tones, ensuring that some messages are verbose and others concise. Strive for ambiguity in intent while clearly conveying the issue. Aim for a variety of difficulties, from straightforward inquiries to complex problems, while ensuring that the intent remains clear. Introduce diverse sentence structures and unique phrasings to enhance diversity and reduce near-duplicates. Explore less common scenarios to enrich the dataset and avoid overrepresentation of informal styles. Include realistic noise and ambiguity where appropriate to reflect genuine customer interactions. \n\n\"\"\"\"\"\"",