{
  "attribute_match_rate": 0.9047619047619048,
  "discriminator_accuracy": 0.041666666666666664,
  "synthetic_detection_rate": 0.07142857142857142,
  "near_duplicate_rate": 0.35,
  "combination_coverage": 0.8,
  "entropy/intent": 0.997303870639173,
  "entropy/difficulty": 0.9092748525610018,
  "entropy/ambiguity": 0.9424257960378287,
  "entropy/style": 0.9112735296912783,
  "entropy/noise": 0.9224177393686547,
  "entropy/scenario_type": 0.980315378922394,
  "coverage/intent": 1.0,
  "coverage/difficulty": 1.0,
  "coverage/ambiguity": 1.0,
  "coverage/style": 1.0,
  "coverage/noise": 1.0,
  "coverage/scenario_type": 1.0,
  "mode_seeking_ratio": 0.23608152099651392,
  "text_distance_mean": 0.953587369074663,
  "banned_phrasings_total": 2.0,
  "banned_phrasings_new": 0.0,
  "coverage_classifier_auroc": 1.0
}