{
  "attribute_match_rate": 0.0,
  "discriminator_accuracy": 0.7916666666666666,
  "synthetic_detection_rate": 0.4444444444444444,
  "near_duplicate_rate": 0.15,
  "combination_coverage": 0.6,
  "entropy/intent": 0.9283832117695864,
  "entropy/difficulty": 0.9497012164384108,
  "entropy/ambiguity": 0.9850568223215079,
  "entropy/style": 0.9099617502405772,
  "entropy/noise": 0.9592101522724051,
  "entropy/scenario_type": 0.9497012164384108,
  "coverage/intent": 1.0,
  "coverage/difficulty": 1.0,
  "coverage/ambiguity": 1.0,
  "coverage/style": 1.0,
  "coverage/noise": 1.0,
  "coverage/scenario_type": 1.0
}