{
  "run_dir": "E:\\Projects\\PromptForge\\experiments\\main_run_002_seed89\\diversity_only\\20260601T084942Z",
  "n_iterations": 3,
  "final_prompt_version": 2,
  "metric_history": [
    {
      "iteration": 0.0,
      "attribute_match_rate": 0.0,
      "discriminator_accuracy": 0.5,
      "synthetic_detection_rate": 0.5,
      "near_duplicate_rate": 0.15,
      "combination_coverage": 0.6,
      "entropy/intent": 0.9592101522724051,
      "entropy/difficulty": 0.8957541375001009,
      "entropy/ambiguity": 0.9850568223215079,
      "entropy/style": 0.8822716235122602,
      "entropy/noise": 0.8274070571684498,
      "entropy/scenario_type": 0.9497012164384108,
      "coverage/intent": 1.0,
      "coverage/difficulty": 1.0,
      "coverage/ambiguity": 1.0,
      "coverage/style": 0.8333333333333334,
      "coverage/noise": 1.0,
      "coverage/scenario_type": 1.0,
      "mode_seeking_ratio": 0.2273786619045208,
      "text_distance_mean": 0.9365297541534819,
      "coverage_classifier_auroc": 1.0
    },
    {
      "iteration": 1.0,
      "attribute_match_rate": 0.0,
      "discriminator_accuracy": 0.5,
      "synthetic_detection_rate": 0.5,
      "near_duplicate_rate": 0.15,
      "combination_coverage": 0.6666666666666666,
      "entropy/intent": 0.9487027337173605,
      "entropy/difficulty": 0.8024052436705212,
      "entropy/ambiguity": 0.9755307720176264,
      "entropy/style": 0.9306282244165779,
      "entropy/noise": 0.9415787376332126,
      "entropy/scenario_type": 0.9755307720176264,
      "coverage/intent": 1.0,
      "coverage/difficulty": 1.0,
      "coverage/ambiguity": 1.0,
      "coverage/style": 1.0,
      "coverage/noise": 1.0,
      "coverage/scenario_type": 1.0,
      "mode_seeking_ratio": 0.23055377001203267,
      "text_distance_mean": 0.9514395430423619,
      "coverage_classifier_auroc": 1.0
    },
    {
      "iteration": 2.0,
      "attribute_match_rate": 0.0,
      "discriminator_accuracy": 0.5,
      "synthetic_detection_rate": 0.5,
      "near_duplicate_rate": 0.15,
      "combination_coverage": 0.6,
      "entropy/intent": 0.9415787376332126,
      "entropy/difficulty": 0.7559752426306121,
      "entropy/ambiguity": 0.8957541375001009,
      "entropy/style": 0.9488801212514659,
      "entropy/noise": 0.9822177815287606,
      "entropy/scenario_type": 0.946394630357186,
      "coverage/intent": 1.0,
      "coverage/difficulty": 1.0,
      "coverage/ambiguity": 1.0,
      "coverage/style": 1.0,
      "coverage/noise": 1.0,
      "coverage/scenario_type": 1.0,
      "mode_seeking_ratio": 0.23083279871935047,
      "text_distance_mean": 0.9430257163099475,
      "coverage_classifier_auroc": 1.0
    }
  ],
  "prompt_history": [
    {
      "version": 0,
      "iteration": 0,
      "prompt": "Generate realistic customer support messages that match the requested intent\nand style. The example should be plausible for a customer support channel\n(email, chat, in-app form). Keep it short to medium length. Output a JSON\nobject with the sample id, the text, and the attribute values.\n",
      "motivation": "initial prompt",
      "feedback_summary": {},
      "timestamp": "2026-06-01T08:49:42.212982+00:00"
    },
    {
      "version": 1,
      "iteration": 1,
      "prompt": "\"\"\"Generate realistic customer support messages that match the requested intent and style. The examples should be plausible for various customer support channels (email, chat, in-app form) and cover a range of styles, including formal, informal, fragmented, concise, verbose, and emotional. Ensure the messages are short to medium length and reflect diverse scenarios, including edge cases. Aim to minimize redundancy in phrasing to avoid near-duplicates. \n\nOutput a JSON object with the following structure:\n{\n  \"sample_id\": \"unique_identifier\",\n  \"text\": \"customer support message text\",\n  \"attributes\": {\n    \"intent\": \"specific intent of the message\",\n    \"style\": \"style of the message (formal, informal, etc.)\",\n    \"difficulty\": \"difficulty level of the request\",\n    \"ambiguity\": \"level of ambiguity in the message\",\n    \"noise\": \"noise level in the message\",\n    \"scenario_type\": \"type of scenario addressed\"\n  }\n}\n\nForbidden phrasings: \n- \"I want a refund\"\n- \"quick one\"\n- \"nothing happens\" \n- \"just a spinner forever\" \n- \"billed monthly or yearly\"\n\nPlease ensure that the generated messages reflect a broad range of intents and styles while maintaining realism and avoiding redundancy. Aim for a diverse set of scenarios to enhance the overall quality of the output.\"\"\"",
      "motivation": "The batch of synthetic samples demonstrates a good variety of intents and difficulties, but there is a lack of diversity in the 'style' attribute, with 'formal' and 'concise' being underrepresented. Additionally, there are several instances of near-duplicate phrasings and contradictions in the noise attribute.",
      "feedback_summary": {
        "iteration": 0,
        "n_attribute_failures": 0,
        "n_realism_artifacts": 0,
        "near_duplicate_rate": 0.15,
        "pack_accuracy": null,
        "mode_seeking_ratio": 0.2273786619045208,
        "n_banned_phrasings": 0,
        "missing_modes": [
          "informal",
          "fragmented",
          "verbose"
        ],
        "overrepresented_modes": [
          "emotional",
          "concise"
        ],
        "metrics": {
          "attribute_match_rate": 0.0,
          "discriminator_accuracy": 0.5,
          "synthetic_detection_rate": 0.5,
          "near_duplicate_rate": 0.15,
          "combination_coverage": 0.6,
          "entropy/intent": 0.9592101522724051,
          "entropy/difficulty": 0.8957541375001009,
          "entropy/ambiguity": 0.9850568223215079,
          "entropy/style": 0.8822716235122602,
          "entropy/noise": 0.8274070571684498,
          "entropy/scenario_type": 0.9497012164384108,
          "coverage/intent": 1.0,
          "coverage/difficulty": 1.0,
          "coverage/ambiguity": 1.0,
          "coverage/style": 0.8333333333333334,
          "coverage/noise": 1.0,
          "coverage/scenario_type": 1.0,
          "mode_seeking_ratio": 0.2273786619045208,
          "text_distance_mean": 0.9365297541534819,
          "coverage_classifier_auroc": 1.0
        }
      },
      "timestamp": "2026-06-01T08:50:31.938517+00:00"
    },
    {
      "version": 2,
      "iteration": 2,
      "prompt": "\"\"\"\"\"\"Generate realistic customer support messages that align with the requested intent and style. The examples should be plausible for various customer support channels (email, chat, in-app form) and encompass a wide range of styles, including formal, informal, concise, verbose, and emotional. Ensure the messages vary in length and reflect diverse scenarios, including edge cases and less common situations. Aim to minimize redundancy in phrasing to avoid near-duplicates.\n\nOutput a JSON object with the following structure:\n{\n  \"sample_id\": \"unique_identifier\",\n  \"text\": \"customer support message text\",\n  \"attributes\": {\n    \"intent\": \"specific intent of the message\",\n    \"style\": \"style of the message (formal, informal, etc.)\",\n    \"difficulty\": \"difficulty level of the request\",\n    \"ambiguity\": \"level of ambiguity in the message\",\n    \"noise\": \"noise level in the message\",\n    \"scenario_type\": \"type of scenario addressed\"\n  }\n}\n\nForbidden phrasings: \n- \"I want a refund\"\n- \"quick one\"\n- \"nothing happens\" \n- \"just a spinner forever\" \n- \"billed monthly or yearly\"\n\nPlease ensure that the generated messages reflect a broad range of intents and styles while maintaining realism and avoiding redundancy. Incorporate more edge cases and vary the emotional tone across samples to enhance diversity. Aim for a wider range of phrasing to reduce near-duplicate instances and improve overall quality of the output.\"\"\"\"\"\"",