{
  "mode_seeking_ratio": 0.2189193971426401,
  "n_pairs": 120,
  "text_distance_mean": 0.9389403509384464,
  "target_distance_mean": 4.533333333333333,
  "attribute_sensitivity": {
    "difficulty": 0.0,
    "intent": 0.0,
    "style": 0.0,
    "ambiguity": 0.0,
    "scenario_type": 0.0,
    "noise": 0.0
  }
}