{
  "attribute_match_rate": 0.95,
  "discriminator_accuracy": 1.0,
  "synthetic_detection_rate": 1.0,
  "near_duplicate_rate": 0.25,
  "combination_coverage": 0.7333333333333333,
  "entropy/intent": 1.0000000000000002,
  "entropy/difficulty": 0.8173454221465101,
  "entropy/ambiguity": 0.9372305632161295,
  "entropy/style": 0.9049856125628767,
  "entropy/noise": 0.948181600415076,
  "entropy/scenario_type": 0.9545258142257613,
  "coverage/intent": 1.0,
  "coverage/difficulty": 1.0,
  "coverage/ambiguity": 1.0,
  "coverage/style": 1.0,
  "coverage/noise": 1.0,
  "coverage/scenario_type": 1.0,
  "pack_accuracy": 0.375,
  "pack_confidence": 0.875,
  "mode_seeking_ratio": 0.23391458755972047,
  "text_distance_mean": 0.9524325532264979,
  "banned_phrasings_total": 1.0,
  "banned_phrasings_new": 1.0,
  "coverage_classifier_auroc": 1.0
}