{
  "mode_seeking_ratio": 0.23391458755972047,
  "n_pairs": 190,
  "text_distance_mean": 0.9524325532264979,
  "target_distance_mean": 4.352631578947369,
  "attribute_sensitivity": {
    "noise": 0.0,
    "difficulty": 0.0,
    "intent": 0.9064760888967549,
    "scenario_type": 0.0,
    "style": 0.0,
    "ambiguity": 0.0
  }
}