{
  "attribute_match_rate": 0.9090909090909091,
  "discriminator_accuracy": 0.7083333333333334,
  "synthetic_detection_rate": 0.6363636363636364,
  "near_duplicate_rate": 0.35,
  "combination_coverage": 0.7333333333333333,
  "entropy/intent": 0.9961982334892152,
  "entropy/difficulty": 0.9741707427017493,
  "entropy/ambiguity": 0.9981459752167369,
  "entropy/style": 0.9888167467420675,
  "entropy/noise": 0.966642565201544,
  "entropy/scenario_type": 0.987029693781109,
  "coverage/intent": 1.0,
  "coverage/difficulty": 1.0,
  "coverage/ambiguity": 1.0,
  "coverage/style": 1.0,
  "coverage/noise": 1.0,
  "coverage/scenario_type": 1.0,
  "pack_accuracy": 0.5,
  "pack_confidence": 0.86875,
  "mode_seeking_ratio": 0.21849431951532883,
  "text_distance_mean": 0.9497609609817005,
  "banned_phrasings_total": 5.0,
  "banned_phrasings_new": 4.0,
  "coverage_classifier_auroc": 1.0
}