{
  "mode_seeking_ratio": 0.21849431951532883,
  "n_pairs": 231,
  "text_distance_mean": 0.9497609609817005,
  "target_distance_mean": 4.584415584415584,
  "attribute_sensitivity": {
    "noise": 0.0,
    "difficulty": 0.0,
    "intent": 0.0,
    "scenario_type": 0.0,
    "style": 0.0,
    "ambiguity": 0.0
  }
}