{
  "run_dir": "E:\\Projects\\PromptForge\\experiments\\task69_no_pack_vs_seed41\\no_pack_vs\\20260603T051553Z",
  "n_iterations": 3,
  "final_prompt_version": 2,
  "metric_history": [
    {
      "iteration": 0.0,
      "attribute_match_rate": 0.8636363636363636,
      "discriminator_accuracy": 0.4166666666666667,
      "synthetic_detection_rate": 0.9090909090909091,
      "near_duplicate_rate": 0.25,
      "combination_coverage": 0.6666666666666666,
      "entropy/intent": 0.9961982334892152,
      "entropy/difficulty": 0.929252365043453,
      "entropy/ambiguity": 0.9981459752167369,
      "entropy/style": 0.9253440398946446,
      "entropy/noise": 0.9346262260259477,
      "entropy/scenario_type": 0.9741707427017493,
      "coverage/intent": 1.0,
      "coverage/difficulty": 1.0,
      "coverage/ambiguity": 1.0,
      "coverage/style": 1.0,
      "coverage/noise": 1.0,
      "coverage/scenario_type": 1.0,
      "mode_seeking_ratio": 0.2367062518476579,
      "text_distance_mean": 0.9695175386701329,
      "banned_phrasings_total": 2.0,
      "banned_phrasings_new": 2.0,
      "coverage_classifier_auroc": 1.0
    },
    {
      "iteration": 1.0,
      "attribute_match_rate": 0.9523809523809523,
      "discriminator_accuracy": 0.9166666666666666,
      "synthetic_detection_rate": 1.0,
      "near_duplicate_rate": 0.25,
      "combination_coverage": 0.8,
      "entropy/intent": 0.997303870639173,
      "entropy/difficulty": 0.9748830897462034,
      "entropy/ambiguity": 0.9937866610055328,
      "entropy/style": 0.9875702881442231,
      "entropy/noise": 0.9663407895758984,
      "entropy/scenario_type": 0.9821410328348751,
      "coverage/intent": 1.0,
      "coverage/difficulty": 1.0,
      "coverage/ambiguity": 1.0,
      "coverage/style": 1.0,
      "coverage/noise": 1.0,
      "coverage/scenario_type": 1.0,
      "mode_seeking_ratio": 0.219280731670521,
      "text_distance_mean": 0.9593163700951483,
      "banned_phrasings_total": 4.0,
      "banned_phrasings_new": 2.0,
      "coverage_classifier_auroc": 1.0
    },
    {
      "iteration": 2.0,
      "attribute_match_rate": 0.8260869565217391,
      "discriminator_accuracy": 0.875,
      "synthetic_detection_rate": 0.9,
      "near_duplicate_rate": 0.25,
      "combination_coverage": 0.8,
      "entropy/intent": 0.9964170965457584,
      "entropy/difficulty": 0.9876197168461961,
      "entropy/ambiguity": 0.9323544458797425,
      "entropy/style": 0.8689283326546441,
      "entropy/noise": 0.9718864326999251,
      "entropy/scenario_type": 0.9703599343920261,
      "coverage/intent": 1.0,
      "coverage/difficulty": 1.0,
      "coverage/ambiguity": 1.0,
      "coverage/style": 0.8333333333333334,
      "coverage/noise": 1.0,
      "coverage/scenario_type": 1.0,
      "mode_seeking_ratio": 0.23758300582269698,
      "text_distance_mean": 0.966709836655458,
      "banned_phrasings_total": 6.0,
      "banned_phrasings_new": 2.0,
      "coverage_classifier_auroc": 1.0
    }
  ],
  "prompt_history": [
    {
      "version": 0,
      "iteration": 0,
      "prompt": "Generate realistic customer support messages that match the requested intent\nand style. The example should be plausible for a customer support channel\n(email, chat, in-app form). Keep it short to medium length. Output a JSON\nobject with the sample id, the text, and the attribute values.\n",
      "motivation": "initial prompt",
      "feedback_summary": {},
      "timestamp": "2026-06-03T05:15:53.979453+00:00"
    },
    {
      "version": 1,
      "iteration": 1,
      "prompt": "\"\"\"Generate realistic customer support messages that match the requested intent and style. The example should be plausible for a customer support channel (email, chat, in-app form). Aim for a formal tone with varied sentence structures and specific details. Output a JSON object with the sample id, the text, and the attribute values.\n\n**Forbidden phrasings:**\n- 'I\u2019m really unhappy with the service; I think it\u2019s below standard!!'\n- 'I need to see something important related to my kids\u2019 school'\n\n**Preferred phrasings:**\n- (label=general_question) \"Is the pro plan billed monthly or yearly?\"\n- (label=technical_problem) \"The app keeps crashing on Android 14 every time I open the camera tab. I tried reinstalling, but nothing worked.\"\n- (label=general_question) \"Hi team, quick one - does the API have a rate limit on the search endpoint?\"\n- (label=refund_request) \"I ordered 2 items but only received 1. I would like a refund for the missing item, not a reship.\"\n\nEnsure the generated messages reflect a variety of intents, including formal complaints, concise refund requests, and analytical descriptions of technical problems. Avoid redundancy in phrasing and structure, and include a mix of emotional and straightforward tones to enhance diversity. Keep the length short to medium, focusing on clarity and specificity in each message.\"\"\"\"",
      "motivation": "The batch exhibits a good variety of intents and styles, but there is significant redundancy in phrasing and structure, particularly in complaints and account issues. Many texts follow similar patterns, leading to a lack of nuanced diversity.",
      "feedback_summary": {
        "iteration": 0,
        "n_attribute_failures": 3,
        "n_realism_artifacts": 23,
        "near_duplicate_rate": 0.25,
        "pack_accuracy": null,
        "mode_seeking_ratio": 0.2367062518476579,
        "n_banned_phrasings": 2,
        "missing_modes": [
          "A more formal complaint style that includes specific details about the issue.",
          "A concise and straightforward refund request without emotional language.",
          "Technical problems described in a more analytical or technical manner."
        ],
        "overrepresented_modes": [
          "Informal language in complaints and general questions.",
          "Emotional expressions in technical problems and complaints.",
          "Fragmented sentence structures in account issues."
        ],
        "metrics": {
          "attribute_match_rate": 0.8636363636363636,
          "discriminator_accuracy": 0.4166666666666667,
          "synthetic_detection_rate": 0.9090909090909091,
          "near_duplicate_rate": 0.25,
          "combination_coverage": 0.6666666666666666,
          "entropy/intent": 0.9961982334892152,
          "entropy/difficulty": 0.929252365043453,
          "entropy/ambiguity": 0.9981459752167369,
          "entropy/style": 0.9253440398946446,
          "entropy/noise": 0.9346262260259477,
          "entropy/scenario_type": 0.9741707427017493,
          "coverage/intent": 1.0,
          "coverage/difficulty": 1.0,
          "coverage/ambiguity": 1.0,
          "coverage/style": 1.0,
          "coverage/noise": 1.0,
          "coverage/scenario_type": 1.0,
          "mode_seeking_ratio": 0.2367062518476579,
          "text_distance_mean": 0.9695175386701329,
          "banned_phrasings_total": 2.0,
          "banned_phrasings_new": 2.0,
          "coverage_classifier_auroc": 1.0
        }
      },
      "timestamp": "2026-06-03T05:19:49.427504+00:00"
    },
    {
      "version": 2,
      "iteration": 2,