{
  "attribute_match_rate": 0.125,
  "discriminator_accuracy": 1.0,
  "synthetic_detection_rate": 1.0,
  "near_duplicate_rate": 0.15,
  "combination_coverage": 0.7333333333333333,
  "entropy/intent": 0.9954133073923868,
  "entropy/difficulty": 0.9755307720176264,
  "entropy/ambiguity": 0.9497012164384108,
  "entropy/style": 0.8433532525013714,
  "entropy/noise": 0.8207140722512382,
  "entropy/scenario_type": 0.7871203566965331,
  "coverage/intent": 1.0,
  "coverage/difficulty": 1.0,
  "coverage/ambiguity": 1.0,
  "coverage/style": 1.0,
  "coverage/noise": 0.8,
  "coverage/scenario_type": 1.0,
  "pack_accuracy": 0.625,
  "pack_confidence": 0.875,
  "mode_seeking_ratio": 0.2354880383641408,
  "text_distance_mean": 0.9483875105217621,
  "banned_phrasings_total": 11.0,
  "banned_phrasings_new": 4.0,
  "coverage_classifier_auroc": 1.0
}