{
  "run_dir": "E:\\Projects\\PromptForge\\experiments\\main_run_002_seed149\\full_classic\\20260602T051535Z",
  "n_iterations": 3,
  "final_prompt_version": 2,
  "metric_history": [
    {
      "iteration": 0.0,
      "attribute_match_rate": 0.125,
      "discriminator_accuracy": 0.9583333333333334,
      "synthetic_detection_rate": 0.8571428571428571,
      "near_duplicate_rate": 0.15,
      "combination_coverage": 0.5333333333333333,
      "entropy/intent": 0.9256951044610051,
      "entropy/difficulty": 0.8024052436705212,
      "entropy/ambiguity": 0.8620485698650452,
      "entropy/style": 0.9218145574751188,
      "entropy/noise": 0.9415787376332126,
      "entropy/scenario_type": 0.8957541375001009,
      "coverage/intent": 1.0,
      "coverage/difficulty": 1.0,
      "coverage/ambiguity": 1.0,
      "coverage/style": 1.0,
      "coverage/noise": 1.0,
      "coverage/scenario_type": 1.0
    },
    {
      "iteration": 1.0,
      "attribute_match_rate": 0.125,
      "discriminator_accuracy": 0.9583333333333334,
      "synthetic_detection_rate": 0.9,
      "near_duplicate_rate": 0.15,
      "combination_coverage": 0.8,
      "entropy/intent": 0.9592101522724051,
      "entropy/difficulty": 0.9755307720176264,
      "entropy/ambiguity": 0.895014514573153,
      "entropy/style": 0.7737056144690831,
      "entropy/noise": 0.9724056781360315,
      "entropy/scenario_type": 0.9497012164384108,
      "coverage/intent": 1.0,
      "coverage/difficulty": 1.0,
      "coverage/ambiguity": 1.0,
      "coverage/style": 1.0,
      "coverage/noise": 1.0,
      "coverage/scenario_type": 1.0
    },
    {
      "iteration": 2.0,
      "attribute_match_rate": 0.125,
      "discriminator_accuracy": 0.8333333333333334,
      "synthetic_detection_rate": 0.5555555555555556,
      "near_duplicate_rate": 0.15,
      "combination_coverage": 0.6,
      "entropy/intent": 0.9283832117695864,
      "entropy/difficulty": 0.9497012164384108,
      "entropy/ambiguity": 0.9850568223215079,
      "entropy/style": 0.9099617502405772,
      "entropy/noise": 0.9592101522724051,
      "entropy/scenario_type": 0.9497012164384108,
      "coverage/intent": 1.0,
      "coverage/difficulty": 1.0,
      "coverage/ambiguity": 1.0,
      "coverage/style": 1.0,
      "coverage/noise": 1.0,
      "coverage/scenario_type": 1.0
    }
  ],
  "prompt_history": [
    {
      "version": 0,
      "iteration": 0,
      "prompt": "Generate realistic customer support messages that match the requested intent\nand style. The example should be plausible for a customer support channel\n(email, chat, in-app form). Keep it short to medium length. Output a JSON\nobject with the sample id, the text, and the attribute values.\n",
      "motivation": "initial prompt",
      "feedback_summary": {},
      "timestamp": "2026-06-02T05:15:35.703994+00:00"
    },
    {
      "version": 1,
      "iteration": 1,
      "prompt": "\"\"\"Generate realistic customer support messages that align with the requested intent and style, ensuring a balance of emotional tones and scenarios. Each message should reflect a plausible interaction for a customer support channel (email, chat, in-app form) and vary in complexity, incorporating both common and rare situations. Aim for a mix of emotional styles, including neutral, empathetic, and formal tones, while maintaining medium difficulty and some ambiguity. Output a JSON object with the sample id, the text, and the attribute values.\n\nForbidden phrasings:\n- Overly emotional or exaggerated language.\n- Highly formal or scripted structures.\n- Repetitive phrases or near-duplicates.\n\nEnsure that the generated messages include diverse scenarios, such as technical issues, billing inquiries, and account access problems, while avoiding irrelevant details. The messages should be concise yet informative, with a focus on clarity and authenticity. Strive for a variety of phrasing to enhance uniqueness and reduce redundancy in the output. Each message should be between 50 to 150 words, reflecting a realistic customer support interaction.\"",
      "motivation": "The batch exhibits a complete coverage of all attribute values, but there are some issues with missing attribute combinations and near-duplicate phrasings. Additionally, certain scenarios could benefit from more diverse representations.",
      "feedback_summary": {
        "iteration": 0,
        "n_attribute_failures": 14,
        "n_realism_artifacts": 6,
        "near_duplicate_rate": 0.15,
        "pack_accuracy": null,
        "mode_seeking_ratio": null,
        "n_banned_phrasings": 0,
        "missing_modes": [],
        "overrepresented_modes": [
          "emotional",
          "medium difficulty",
          "low ambiguity"
        ],
        "metrics": {
          "attribute_match_rate": 0.125,
          "discriminator_accuracy": 0.9583333333333334,
          "synthetic_detection_rate": 0.8571428571428571,
          "near_duplicate_rate": 0.15,
          "combination_coverage": 0.5333333333333333,
          "entropy/intent": 0.9256951044610051,
          "entropy/difficulty": 0.8024052436705212,
          "entropy/ambiguity": 0.8620485698650452,
          "entropy/style": 0.9218145574751188,
          "entropy/noise": 0.9415787376332126,
          "entropy/scenario_type": 0.8957541375001009,
          "coverage/intent": 1.0,
          "coverage/difficulty": 1.0,
          "coverage/ambiguity": 1.0,
          "coverage/style": 1.0,
          "coverage/noise": 1.0,
          "coverage/scenario_type": 1.0
        }
      },
      "timestamp": "2026-06-02T05:16:48.748497+00:00"
    },
    {
      "version": 2,
      "iteration": 2,
      "prompt": "\"\"\"\"\"\"Generate realistic customer support messages that align with the requested intent and style, ensuring a balance of emotional tones and scenarios. Each message should reflect a plausible interaction for a customer support channel (email, chat, in-app form) and vary in complexity, incorporating both common and rare situations. Aim for a mix of emotional styles, including neutral, empathetic, formal, and narrative tones, while maintaining medium to high difficulty and some ambiguity. Output a JSON object with the sample id, the text, and the attribute values.\n\nForbidden phrasings:\n- Overly emotional or exaggerated language.\n- Highly formal or scripted structures.\n- Repetitive phrases or near-duplicates.\n- Excessive filler words or verbosity.\n\nEnsure that the generated messages include diverse scenarios, such as technical issues, billing inquiries, account access problems, and product feedback, while avoiding irrelevant details. The messages should be concise yet informative, with a focus on clarity and authenticity. Strive for a variety of phrasing and sentence structures to enhance uniqueness and reduce redundancy in the output. Each message should be between 50 to 150 words, reflecting a realistic customer support interaction while incorporating elements of unpredictability and user-specific context.\"\"\"\"\"",
      "motivation": "The batch of synthetic samples demonstrates a comprehensive coverage of the attribute schema, with all modes represented. However, there are instances of near-duplicate phrasings and some overrepresented styles, particularly 'fragmented' and 'concise'.",
      "feedback_summary": {
        "iteration": 1,
        "n_attribute_failures": 14,
        "n_realism_artifacts": 9,
        "near_duplicate_rate": 0.15,
        "pack_accuracy": null,
        "mode_seeking_ratio": null,
        "n_banned_phrasings": 0,
        "missing_modes": [],
        "overrepresented_modes": [
          "fragmented",
          "concise"
        ],
        "metrics": {
          "attribute_match_rate": 0.125,
          "discriminator_accuracy": 0.9583333333333334,
          "synthetic_detection_rate": 0.9,
          "near_duplicate_rate": 0.15,
          "combination_coverage": 0.8,
          "entropy/intent": 0.9592101522724051,