{
  "attribute_match_rate": 0.1875,
  "discriminator_accuracy": 1.0,
  "synthetic_detection_rate": 1.0,
  "near_duplicate_rate": 0.15,
  "combination_coverage": 0.43333333333333335,
  "entropy/intent": 0.8604817779601193,
  "entropy/difficulty": 0.9320201587042913,
  "entropy/ambiguity": 0.9497012164384108,
  "entropy/style": 0.9789848253208956,
  "entropy/noise": 0.9592101522724051,
  "entropy/scenario_type": 0.8194483718728035,
  "coverage/intent": 0.8,
  "coverage/difficulty": 1.0,
  "coverage/ambiguity": 1.0,
  "coverage/style": 1.0,
  "coverage/noise": 1.0,
  "coverage/scenario_type": 1.0,
  "pack_accuracy": 0.5,
  "pack_confidence": 0.88125,
  "mode_seeking_ratio": 0.22067553662037473,
  "text_distance_mean": 0.9225434632673827,
  "banned_phrasings_total": 8.0,
  "banned_phrasings_new": 4.0,
  "coverage_classifier_auroc": 1.0
}