{
  "attribute_match_rate": 0.9090909090909091,
  "discriminator_accuracy": 0.875,
  "synthetic_detection_rate": 0.7272727272727273,
  "near_duplicate_rate": 0.25,
  "combination_coverage": 0.6666666666666666,
  "entropy/intent": 0.9961982334892152,
  "entropy/difficulty": 0.929252365043453,
  "entropy/ambiguity": 0.9981459752167369,
  "entropy/style": 0.9253440398946446,
  "entropy/noise": 0.9346262260259477,
  "entropy/scenario_type": 0.9741707427017493,
  "coverage/intent": 1.0,
  "coverage/difficulty": 1.0,
  "coverage/ambiguity": 1.0,
  "coverage/style": 1.0,
  "coverage/noise": 1.0,
  "coverage/scenario_type": 1.0,
  "pack_accuracy": 0.5,
  "pack_confidence": 0.8875,
  "mode_seeking_ratio": 0.22974541546573016,
  "text_distance_mean": 0.9458705233855677,
  "banned_phrasings_total": 1.0,
  "banned_phrasings_new": 1.0,
  "coverage_classifier_auroc": 1.0
}