{
  "attribute_match_rate": 0.75,
  "discriminator_accuracy": 0.0,
  "synthetic_detection_rate": 0.0,
  "near_duplicate_rate": 0.25,
  "combination_coverage": 0.6666666666666666,
  "entropy/intent": 0.9925308085173912,
  "entropy/difficulty": 0.8359889967247164,
  "entropy/ambiguity": 0.9680589902708631,
  "entropy/style": 0.8888789007632631,
  "entropy/noise": 0.9463423096631887,
  "entropy/scenario_type": 0.9358932809493993,
  "coverage/intent": 1.0,
  "coverage/difficulty": 1.0,
  "coverage/ambiguity": 1.0,
  "coverage/style": 1.0,
  "coverage/noise": 1.0,
  "coverage/scenario_type": 1.0,
  "mode_seeking_ratio": 0.24008593344064846,
  "text_distance_mean": 0.9630458018317322,
  "banned_phrasings_total": 1.0,
  "banned_phrasings_new": 1.0,
  "coverage_classifier_auroc": 1.0
}