{
  "attribute_match_rate": 0.8695652173913043,
  "discriminator_accuracy": 0.3333333333333333,
  "synthetic_detection_rate": 0.5,
  "near_duplicate_rate": 0.25,
  "combination_coverage": 0.8666666666666667,
  "entropy/intent": 0.9964170965457584,
  "entropy/difficulty": 0.9659535505394684,
  "entropy/ambiguity": 0.9876197168461961,
  "entropy/style": 0.9296413565956573,
  "entropy/noise": 0.9718864326999251,
  "entropy/scenario_type": 0.9659535505394684,
  "coverage/intent": 1.0,
  "coverage/difficulty": 1.0,
  "coverage/ambiguity": 1.0,
  "coverage/style": 1.0,
  "coverage/noise": 1.0,
  "coverage/scenario_type": 1.0,
  "pack_accuracy": 0.75,
  "pack_confidence": 0.9,
  "mode_seeking_ratio": 0.22611306885637913,
  "text_distance_mean": 0.9574411783259631,
  "banned_phrasings_total": 1.0,
  "banned_phrasings_new": 1.0,
  "coverage_classifier_auroc": 1.0
}