{
  "mode_seeking_ratio": 0.22611306885637913,
  "n_pairs": 253,
  "text_distance_mean": 0.9574411783259631,
  "target_distance_mean": 4.513833992094861,
  "attribute_sensitivity": {
    "noise": 0.0,
    "difficulty": 0.0,
    "style": 0.0,
    "scenario_type": 0.0,
    "ambiguity": 0.0,
    "intent": 0.9588803979171892
  }
}