{
  "attribute_match_rate": 0.25,
  "discriminator_accuracy": 0.9166666666666666,
  "synthetic_detection_rate": 1.0,
  "near_duplicate_rate": 0.15,
  "combination_coverage": 0.43333333333333335,
  "entropy/intent": 0.7760010022740091,
  "entropy/difficulty": 0.9850568223215079,
  "entropy/ambiguity": 0.9850568223215079,
  "entropy/style": 0.9099617502405772,
  "entropy/noise": 0.9487027337173605,
  "entropy/scenario_type": 0.9497012164384108,
  "coverage/intent": 0.7,
  "coverage/difficulty": 1.0,
  "coverage/ambiguity": 1.0,
  "coverage/style": 1.0,
  "coverage/noise": 1.0,
  "coverage/scenario_type": 1.0,
  "pack_accuracy": 0.375,
  "pack_confidence": 0.88125,
  "mode_seeking_ratio": 0.22006418567182287,
  "text_distance_mean": 0.9471965802463392,
  "banned_phrasings_total": 11.0,
  "banned_phrasings_new": 4.0,
  "coverage_classifier_auroc": 1.0
}