{
  "attribute_match_rate": 0.9523809523809523,
  "discriminator_accuracy": 0.8260869565217391,
  "synthetic_detection_rate": 0.8,
  "near_duplicate_rate": 0.25,
  "combination_coverage": 0.7333333333333333,
  "entropy/intent": 0.997303870639173,
  "entropy/difficulty": 0.9424257960378287,
  "entropy/ambiguity": 0.9937866610055328,
  "entropy/style": 0.9277902462594633,
  "entropy/noise": 0.9244658211275739,
  "entropy/scenario_type": 0.9999999999999998,
  "coverage/intent": 1.0,
  "coverage/difficulty": 1.0,
  "coverage/ambiguity": 1.0,
  "coverage/style": 1.0,
  "coverage/noise": 1.0,
  "coverage/scenario_type": 1.0,
  "pack_accuracy": 0.625,
  "pack_confidence": 0.89375,
  "mode_seeking_ratio": 0.22608560358131552,
  "text_distance_mean": 0.9544689983745589,
  "banned_phrasings_total": 1.0,
  "banned_phrasings_new": 0.0,
  "coverage_classifier_auroc": 1.0
}