{
  "attribute_match_rate": 0.8181818181818182,
  "discriminator_accuracy": 0.6666666666666666,
  "synthetic_detection_rate": 0.75,
  "near_duplicate_rate": 0.35,
  "combination_coverage": 0.8,
  "entropy/intent": 0.9905114616736054,
  "entropy/difficulty": 0.9741707427017493,
  "entropy/ambiguity": 0.9643787017331664,
  "entropy/style": 0.9098596492561206,
  "entropy/noise": 0.989062158294503,
  "entropy/scenario_type": 0.8716047565197955,
  "coverage/intent": 1.0,
  "coverage/difficulty": 1.0,
  "coverage/ambiguity": 1.0,
  "coverage/style": 1.0,
  "coverage/noise": 1.0,
  "coverage/scenario_type": 1.0,
  "pack_accuracy": 0.5,
  "pack_confidence": 0.875,
  "mode_seeking_ratio": 0.23377310856907615,
  "text_distance_mean": 0.9508193490808815,
  "banned_phrasings_total": 2.0,
  "banned_phrasings_new": 1.0,
  "coverage_classifier_auroc": 1.0
}