{
  "run_dir": "E:\\Projects\\PromptForge\\experiments\\_diagnostics\\smoke_paired_f1_f7_full_attrforge\\20260603T062257Z",
  "n_iterations": 3,
  "final_prompt_version": 2,
  "metric_history": [
    {
      "iteration": 0.0,
      "attribute_match_rate": 0.9047619047619048,
      "discriminator_accuracy": 0.2916666666666667,
      "synthetic_detection_rate": 0.4666666666666667,
      "near_duplicate_rate": 0.25,
      "combination_coverage": 0.8666666666666667,
      "entropy/intent": 0.997303870639173,
      "entropy/difficulty": 0.980315378922394,
      "entropy/ambiguity": 0.9748830897462034,
      "entropy/style": 0.94353613134594,
      "entropy/noise": 0.9763945235672326,
      "entropy/scenario_type": 0.980315378922394,
      "coverage/intent": 1.0,
      "coverage/difficulty": 1.0,
      "coverage/ambiguity": 1.0,
      "coverage/style": 1.0,
      "coverage/noise": 1.0,
      "coverage/scenario_type": 1.0,
      "pack_accuracy": 0.875,
      "pack_confidence": 0.9,
      "mode_seeking_ratio": 0.22023019678401778,
      "text_distance_mean": 0.9456471939041643,
      "banned_phrasings_total": 1.0,
      "banned_phrasings_new": 1.0,
      "coverage_classifier_auroc": 1.0
    },
    {
      "iteration": 1.0,
      "attribute_match_rate": 0.9523809523809523,
      "discriminator_accuracy": 0.20833333333333334,
      "synthetic_detection_rate": 0.3125,
      "near_duplicate_rate": 0.25,
      "combination_coverage": 0.8666666666666667,
      "entropy/intent": 0.997303870639173,
      "entropy/difficulty": 0.9424257960378287,
      "entropy/ambiguity": 0.9821410328348751,
      "entropy/style": 0.8559436752365888,
      "entropy/noise": 0.8964089752169341,
      "entropy/scenario_type": 0.980315378922394,
      "coverage/intent": 1.0,
      "coverage/difficulty": 1.0,
      "coverage/ambiguity": 1.0,
      "coverage/style": 0.8333333333333334,
      "coverage/noise": 1.0,
      "coverage/scenario_type": 1.0,
      "pack_accuracy": 0.625,
      "pack_confidence": 0.9,
      "mode_seeking_ratio": 0.22996056456422295,
      "text_distance_mean": 0.953542297775113,
      "banned_phrasings_total": 4.0,
      "banned_phrasings_new": 3.0,
      "coverage_classifier_auroc": 1.0
    },
    {
      "iteration": 2.0,
      "attribute_match_rate": 0.75,
      "discriminator_accuracy": 0.3333333333333333,
      "synthetic_detection_rate": 0.4444444444444444,
      "near_duplicate_rate": 0.25,
      "combination_coverage": 0.8,
      "entropy/intent": 0.9873179343530822,
      "entropy/difficulty": 0.9952467469708334,
      "entropy/ambiguity": 0.9320942709786563,
      "entropy/style": 0.8990207384578003,
      "entropy/noise": 0.9807765320912628,
      "entropy/scenario_type": 0.9152153491241769,
      "coverage/intent": 1.0,
      "coverage/difficulty": 1.0,
      "coverage/ambiguity": 1.0,
      "coverage/style": 1.0,
      "coverage/noise": 1.0,
      "coverage/scenario_type": 1.0,
      "pack_accuracy": 0.5,
      "pack_confidence": 0.9,
      "mode_seeking_ratio": 0.22607931044297222,
      "text_distance_mean": 0.948149283624311,
      "banned_phrasings_total": 5.0,
      "banned_phrasings_new": 1.0,
      "coverage_classifier_auroc": 1.0
    }
  ],
  "prompt_history": [
    {
      "version": 0,
      "iteration": 0,
      "prompt": "Generate realistic customer support messages that match the requested intent\nand style. The example should be plausible for a customer support channel\n(email, chat, in-app form). Keep it short to medium length. Output a JSON\nobject with the sample id, the text, and the attribute values.\n",
      "motivation": "initial prompt",
      "feedback_summary": {},
      "timestamp": "2026-06-03T06:22:57.898231+00:00"
    },
    {
      "version": 1,
      "iteration": 1,
      "prompt": "\"\"\"Generate realistic customer support messages that match the requested intent and style. The example should be plausible for a customer support channel (email, chat, in-app form). Keep it short to medium length, ensuring a formal tone and varied sentence structures. Output a JSON object with the sample id, the text, and the attribute values.\n\nPreferred phrasings:\n- (label=account_issue) two factor codes never come through, I've been locked out for 2 days now\n- (label=complaint) honestly your new pricing is a joke. why would anyone pay this\n- (label=general_question) Hi team, quick one - does the API have a rate limit on the search endpoint?\n- (label=refund_request) ordered 2 items, only got 1. want a refund on the missing one, not a reship.\n\nForbidden phrasings:\n- 'I feel so frustrated!'\n\nEnsure that the generated messages cover a range of intents, including formal complaints, technical issues, and general inquiries. Avoid redundancy in phrasing and sentence structure by introducing unique expressions and specific details about the issues. Aim for a balance between concise requests and more complex scenarios, enhancing the diversity of the output while maintaining realism and adherence to the target distribution's characteristics. Focus on producing messages that reflect the formal inquiries typical of customer support interactions, steering clear of overly casual language or fragmented structures.\"\"\"",
      "motivation": "The batch exhibits a high level of surface diversity in terms of intent and style, but there are significant issues with nuance redundancy, particularly in phrasing and sentence structure. Many texts reuse similar constructions, leading to a lack of true diversity in expression.",
      "feedback_summary": {
        "iteration": 0,
        "n_attribute_failures": 2,
        "n_realism_artifacts": 16,
        "near_duplicate_rate": 0.25,
        "pack_accuracy": 0.875,
        "mode_seeking_ratio": 0.22023019678401778,
        "n_banned_phrasings": 1,
        "missing_modes": [
          "A more formal complaint structure that includes specific details about the issue.",
          "Technical problems that involve more complex scenarios or solutions.",
          "General questions that explore less common topics or inquiries."
        ],
        "overrepresented_modes": [
          "Concise requests for refunds that follow a similar structure.",
          "Informal complaints that express frustration in a casual tone.",
          "Fragmented questions that indicate confusion but follow a similar pattern."
        ],
        "metrics": {
          "attribute_match_rate": 0.9047619047619048,
          "discriminator_accuracy": 0.2916666666666667,
          "synthetic_detection_rate": 0.4666666666666667,
          "near_duplicate_rate": 0.25,
          "combination_coverage": 0.8666666666666667,
          "entropy/intent": 0.997303870639173,
          "entropy/difficulty": 0.980315378922394,
          "entropy/ambiguity": 0.9748830897462034,
          "entropy/style": 0.94353613134594,
          "entropy/noise": 0.9763945235672326,
          "entropy/scenario_type": 0.980315378922394,
          "coverage/intent": 1.0,
          "coverage/difficulty": 1.0,
          "coverage/ambiguity": 1.0,
          "coverage/style": 1.0,
          "coverage/noise": 1.0,
          "coverage/scenario_type": 1.0,
          "pack_accuracy": 0.875,
          "pack_confidence": 0.9,
          "mode_seeking_ratio": 0.22023019678401778,
          "text_distance_mean": 0.9456471939041643,
          "banned_phrasings_total": 1.0,
          "banned_phrasings_new": 1.0,
          "coverage_classifier_auroc": 1.0
        }
      },
      "timestamp": "2026-06-03T06:24:58.738928+00:00"
    },
    {
      "version": 2,
      "iteration": 2,