{
  "attribute_match_rate": 0.8695652173913043,
  "discriminator_accuracy": 0.7916666666666666,
  "synthetic_detection_rate": 0.7692307692307693,
  "near_duplicate_rate": 0.25,
  "combination_coverage": 0.8,
  "entropy/intent": 0.9964170965457584,
  "entropy/difficulty": 0.9659535505394684,
  "entropy/ambiguity": 0.9982526816976661,
  "entropy/style": 0.9299106806775858,
  "entropy/noise": 0.8543059220661063,
  "entropy/scenario_type": 0.9659535505394684,
  "coverage/intent": 1.0,
  "coverage/difficulty": 1.0,
  "coverage/ambiguity": 1.0,
  "coverage/style": 1.0,
  "coverage/noise": 1.0,
  "coverage/scenario_type": 1.0,
  "mode_seeking_ratio": 0.23123573868110583,
  "text_distance_mean": 0.9474494704310474,
  "banned_phrasings_total": 7.0,
  "banned_phrasings_new": 2.0,
  "coverage_classifier_auroc": 1.0
}