{
  "run_dir": "E:\\Projects\\PromptForge\\experiments\\task69_no_pack_vs_seed23\\full_attrforge\\20260603T043846Z",
  "n_iterations": 3,
  "final_prompt_version": 2,
  "metric_history": [
    {
      "iteration": 0.0,
      "attribute_match_rate": 0.8260869565217391,
      "discriminator_accuracy": 0.6666666666666666,
      "synthetic_detection_rate": 0.5333333333333333,
      "near_duplicate_rate": 0.25,
      "combination_coverage": 0.7333333333333333,
      "entropy/intent": 0.9909775756786534,
      "entropy/difficulty": 0.8440440051949545,
      "entropy/ambiguity": 0.9526230661652663,
      "entropy/style": 0.887368224952361,
      "entropy/noise": 0.9359550701662825,
      "entropy/scenario_type": 0.940725014049597,
      "coverage/intent": 1.0,
      "coverage/difficulty": 1.0,
      "coverage/ambiguity": 1.0,
      "coverage/style": 1.0,
      "coverage/noise": 1.0,
      "coverage/scenario_type": 1.0,
      "pack_accuracy": 0.625,
      "pack_confidence": 0.89375,
      "mode_seeking_ratio": 0.23882514027972057,
      "text_distance_mean": 0.9521129183672071,
      "banned_phrasings_total": 3.0,
      "banned_phrasings_new": 3.0,
      "coverage_classifier_auroc": 1.0
    },
    {
      "iteration": 1.0,
      "attribute_match_rate": 0.8636363636363636,
      "discriminator_accuracy": 0.125,
      "synthetic_detection_rate": 0.3,
      "near_duplicate_rate": 0.25,
      "combination_coverage": 0.8,
      "entropy/intent": 0.9905114616736054,
      "entropy/difficulty": 0.987029693781109,
      "entropy/ambiguity": 0.929252365043453,
      "entropy/style": 0.9159880227642565,
      "entropy/noise": 0.9434038256873107,
      "entropy/scenario_type": 0.8976082826337547,
      "coverage/intent": 1.0,
      "coverage/difficulty": 1.0,
      "coverage/ambiguity": 1.0,
      "coverage/style": 1.0,
      "coverage/noise": 1.0,
      "coverage/scenario_type": 1.0,
      "pack_accuracy": 0.375,
      "pack_confidence": 0.9,
      "mode_seeking_ratio": 0.2320125774043616,
      "text_distance_mean": 0.9548386278075133,
      "banned_phrasings_total": 6.0,
      "banned_phrasings_new": 3.0,
      "coverage_classifier_auroc": 1.0
    },
    {
      "iteration": 2.0,
      "attribute_match_rate": 0.8636363636363636,
      "discriminator_accuracy": 0.08333333333333333,
      "synthetic_detection_rate": 0.0,
      "near_duplicate_rate": 0.25,
      "combination_coverage": 0.9333333333333333,
      "entropy/intent": 0.9961982334892152,
      "entropy/difficulty": 0.9741707427017493,
      "entropy/ambiguity": 0.9981459752167369,
      "entropy/style": 0.9223979623580449,
      "entropy/noise": 0.8639631562344543,
      "entropy/scenario_type": 0.9741707427017493,
      "coverage/intent": 1.0,
      "coverage/difficulty": 1.0,
      "coverage/ambiguity": 1.0,
      "coverage/style": 1.0,
      "coverage/noise": 1.0,
      "coverage/scenario_type": 1.0,
      "pack_accuracy": 0.25,
      "pack_confidence": 0.9,
      "mode_seeking_ratio": 0.23143633771846242,
      "text_distance_mean": 0.9528346301396979,
      "banned_phrasings_total": 9.0,
      "banned_phrasings_new": 3.0,
      "coverage_classifier_auroc": 1.0
    }
  ],
  "prompt_history": [
    {
      "version": 0,
      "iteration": 0,
      "prompt": "Generate realistic customer support messages that match the requested intent\nand style. The example should be plausible for a customer support channel\n(email, chat, in-app form). Keep it short to medium length. Output a JSON\nobject with the sample id, the text, and the attribute values.\n",
      "motivation": "initial prompt",
      "feedback_summary": {},
      "timestamp": "2026-06-03T04:38:46.682947+00:00"
    },
    {
      "version": 1,
      "iteration": 1,
      "prompt": "\"\"\"Generate realistic customer support messages that match the requested intent and style. The example should be plausible for a customer support channel (email, chat, in-app form) and maintain a formal tone. Ensure clarity and specificity in requests, avoiding ambiguity. Output a JSON object with the sample id, the text, and the attribute values.\n\n**Forbidden phrasings:**\n- 'I thought your product would work as promised'\n- 'I would like to formally express my dissatisfaction'\n- 'I noticed something unusual'\n\n**Preferred phrasings:**\n- 'two factor codes never come through, I've been locked out for 2 days now'\n- 'is the pro plan billed monthly or yearly?'\n- 'Hi team, quick one - does the API have a rate limit on the search endpoint?'\n- 'what's the difference between the pro and business tier exactly?'\n\nTo enhance diversity, include a range of emotional expressions in complaints beyond frustration and dissatisfaction. Introduce unique scenarios that involve specific technical problems not commonly addressed. Vary sentence structures and vocabulary for refund requests and complaints to avoid redundancy. Ensure that messages reflect a clear intent, appropriate difficulty level, and minimal noise. Aim for a balanced representation of different types of inquiries, including technical issues, account-related questions, and general inquiries, while maintaining a formal and structured tone throughout the messages.\"\"\"",
      "motivation": "The batch exhibits a high level of surface diversity in terms of intent and style, but there is significant redundancy in phrasing and structure, particularly in refund requests and complaints. Many texts follow similar patterns, leading to a lack of nuanced variation.",
      "feedback_summary": {
        "iteration": 0,
        "n_attribute_failures": 4,
        "n_realism_artifacts": 9,
        "near_duplicate_rate": 0.25,
        "pack_accuracy": 0.625,
        "mode_seeking_ratio": 0.23882514027972057,
        "n_banned_phrasings": 3,
        "missing_modes": [
          "More varied emotional expressions in complaints beyond frustration and dissatisfaction.",
          "Different ways to express confusion or uncertainty in general questions.",
          "Unique scenarios that involve specific technical problems not covered in common issues."
        ],
        "overrepresented_modes": [
          "Refund requests often use similar constructions, such as 'I would like to request a refund' or 'Can you let me know if there's any way to process this refund request?'",
          "Complaints frequently express frustration in a similar manner, often using phrases like 'this is unacceptable' or 'I am really frustrated.'",
          "General questions often start with 'Could you please' or 'Can you help me with...'"
        ],
        "metrics": {
          "attribute_match_rate": 0.8260869565217391,
          "discriminator_accuracy": 0.6666666666666666,
          "synthetic_detection_rate": 0.5333333333333333,
          "near_duplicate_rate": 0.25,
          "combination_coverage": 0.7333333333333333,
          "entropy/intent": 0.9909775756786534,
          "entropy/difficulty": 0.8440440051949545,
          "entropy/ambiguity": 0.9526230661652663,
          "entropy/style": 0.887368224952361,
          "entropy/noise": 0.9359550701662825,
          "entropy/scenario_type": 0.940725014049597,
          "coverage/intent": 1.0,
          "coverage/difficulty": 1.0,
          "coverage/ambiguity": 1.0,
          "coverage/style": 1.0,
          "coverage/noise": 1.0,
          "coverage/scenario_type": 1.0,
          "pack_accuracy": 0.625,
          "pack_confidence": 0.89375,
          "mode_seeking_ratio": 0.23882514027972057,
          "text_distance_mean": 0.9521129183672071,
          "banned_phrasings_total": 3.0,
          "banned_phrasings_new": 3.0,
          "coverage_classifier_auroc": 1.0
        }
      },
      "timestamp": "2026-06-03T04:41:05.182546+00:00"
    },
    {
      "version": 2,
      "iteration": 2,