{
  "run_dir": "E:\\Projects\\PromptForge\\experiments\\main_run_002_seed53\\full_attrforge\\20260601T083908Z",
  "n_iterations": 3,
  "final_prompt_version": 2,
  "metric_history": [
    {
      "iteration": 0.0,
      "attribute_match_rate": 0.0625,
      "discriminator_accuracy": 0.041666666666666664,
      "synthetic_detection_rate": 0.0,
      "near_duplicate_rate": 0.15,
      "combination_coverage": 0.7333333333333333,
      "entropy/intent": 0.9388906303246313,
      "entropy/difficulty": 0.9497012164384108,
      "entropy/ambiguity": 0.9755307720176264,
      "entropy/style": 0.9607329284860076,
      "entropy/noise": 0.9822177815287606,
      "entropy/scenario_type": 0.9755307720176264,
      "coverage/intent": 1.0,
      "coverage/difficulty": 1.0,
      "coverage/ambiguity": 1.0,
      "coverage/style": 1.0,
      "coverage/noise": 1.0,
      "coverage/scenario_type": 1.0,
      "pack_accuracy": 0.75,
      "pack_confidence": 0.88125,
      "mode_seeking_ratio": 0.22240072905445724,
      "text_distance_mean": 0.9491659706968206,
      "banned_phrasings_total": 4.0,
      "banned_phrasings_new": 4.0,
      "coverage_classifier_auroc": 1.0
    },
    {
      "iteration": 1.0,
      "attribute_match_rate": 0.0,
      "discriminator_accuracy": 0.9583333333333334,
      "synthetic_detection_rate": 0.9,
      "near_duplicate_rate": 0.15,
      "combination_coverage": 0.7333333333333333,
      "entropy/intent": 0.9080636898218125,
      "entropy/difficulty": 0.9755307720176264,
      "entropy/ambiguity": 0.946394630357186,
      "entropy/style": 0.9607329284860076,
      "entropy/noise": 0.796580116665631,
      "entropy/scenario_type": 0.7559752426306121,
      "coverage/intent": 1.0,
      "coverage/difficulty": 1.0,
      "coverage/ambiguity": 1.0,
      "coverage/style": 1.0,
      "coverage/noise": 0.8,
      "coverage/scenario_type": 1.0,
      "pack_accuracy": 0.5,
      "pack_confidence": 0.89375,
      "mode_seeking_ratio": 0.2440543752787632,
      "text_distance_mean": 0.948009688464627,
      "banned_phrasings_total": 7.0,
      "banned_phrasings_new": 3.0,
      "coverage_classifier_auroc": 1.0
    },
    {
      "iteration": 2.0,
      "attribute_match_rate": 0.125,
      "discriminator_accuracy": 1.0,
      "synthetic_detection_rate": 1.0,
      "near_duplicate_rate": 0.15,
      "combination_coverage": 0.7333333333333333,
      "entropy/intent": 0.9954133073923868,
      "entropy/difficulty": 0.9755307720176264,
      "entropy/ambiguity": 0.9497012164384108,
      "entropy/style": 0.8433532525013714,
      "entropy/noise": 0.8207140722512382,
      "entropy/scenario_type": 0.7871203566965331,
      "coverage/intent": 1.0,
      "coverage/difficulty": 1.0,
      "coverage/ambiguity": 1.0,
      "coverage/style": 1.0,
      "coverage/noise": 0.8,
      "coverage/scenario_type": 1.0,
      "pack_accuracy": 0.625,
      "pack_confidence": 0.875,
      "mode_seeking_ratio": 0.2354880383641408,
      "text_distance_mean": 0.9483875105217621,
      "banned_phrasings_total": 11.0,
      "banned_phrasings_new": 4.0,
      "coverage_classifier_auroc": 1.0
    }
  ],
  "prompt_history": [
    {
      "version": 0,
      "iteration": 0,
      "prompt": "Generate realistic customer support messages that match the requested intent\nand style. The example should be plausible for a customer support channel\n(email, chat, in-app form). Keep it short to medium length. Output a JSON\nobject with the sample id, the text, and the attribute values.\n",
      "motivation": "initial prompt",
      "feedback_summary": {},
      "timestamp": "2026-06-01T08:39:08.874754+00:00"
    },
    {
      "version": 1,
      "iteration": 1,
      "prompt": "\"\"\"Generate realistic and diverse customer support messages that align with the requested intent and style. Each message should reflect a specific scenario, incorporating a personal touch and varying levels of difficulty and ambiguity. Ensure the text is plausible for a customer support channel (email, chat, in-app form) and includes elements that may introduce noise, such as typos or informal language. Output a JSON object with the sample id, the text, and the attribute values.\n\nForbidden phrasings:\n- 'I feel so disappointed!'\n- 'I might need a refund because'\n- \"I can't believe how frustrated I am\"\n- 'Hey, quick question - like, can I use'\n\nFocus on including a mix of common and edge-case scenarios, ensuring that messages vary in structure and phrasing to reduce near-duplicates. Aim for messages that reflect a range of customer experiences, from technical problems to general inquiries, while maintaining a balance of emotional depth and clarity. Consider incorporating high-ambiguity scenarios to enhance diversity. Each message should be short to medium length, capturing the essence of real customer interactions while avoiding overly formal or scripted language. Ensure that the intent is clear and the difficulty level varies across samples.\"",
      "motivation": "The batch of synthetic samples covers all attribute values, but there are some near-duplicate phrasings and a few edge cases that could be better represented. Overall, the diversity is satisfactory.",
      "feedback_summary": {
        "iteration": 0,
        "n_attribute_failures": 15,
        "n_realism_artifacts": 13,
        "near_duplicate_rate": 0.15,
        "pack_accuracy": 0.75,
        "mode_seeking_ratio": 0.22240072905445724,
        "n_banned_phrasings": 4,
        "missing_modes": [],
        "overrepresented_modes": [
          "informal",
          "edge_case"
        ],
        "metrics": {
          "attribute_match_rate": 0.0625,
          "discriminator_accuracy": 0.041666666666666664,
          "synthetic_detection_rate": 0.0,
          "near_duplicate_rate": 0.15,
          "combination_coverage": 0.7333333333333333,
          "entropy/intent": 0.9388906303246313,
          "entropy/difficulty": 0.9497012164384108,
          "entropy/ambiguity": 0.9755307720176264,
          "entropy/style": 0.9607329284860076,
          "entropy/noise": 0.9822177815287606,
          "entropy/scenario_type": 0.9755307720176264,
          "coverage/intent": 1.0,
          "coverage/difficulty": 1.0,
          "coverage/ambiguity": 1.0,
          "coverage/style": 1.0,
          "coverage/noise": 1.0,
          "coverage/scenario_type": 1.0,
          "pack_accuracy": 0.75,
          "pack_confidence": 0.88125,
          "mode_seeking_ratio": 0.22240072905445724,
          "text_distance_mean": 0.9491659706968206,
          "banned_phrasings_total": 4.0,
          "banned_phrasings_new": 4.0,
          "coverage_classifier_auroc": 1.0
        }
      },
      "timestamp": "2026-06-01T08:40:36.276475+00:00"
    },
    {
      "version": 2,
      "iteration": 2,