{
  "mode_seeking_ratio": 0.22854494218071092,
  "n_pairs": 253,
  "text_distance_mean": 0.9574387346557641,
  "target_distance_mean": 4.490118577075099,
  "attribute_sensitivity": {
    "noise": 0.8216022933682385,
    "difficulty": 0.0,
    "intent": 0.0,
    "scenario_type": 0.0,
    "style": 0.0,
    "ambiguity": 0.0
  }
}