{
  "mode_seeking_ratio": 0.20679214166461418,
  "n_pairs": 120,
  "text_distance_mean": 0.9303892329289857,
  "target_distance_mean": 4.691666666666666,
  "attribute_sensitivity": {
    "ambiguity": 0.0,
    "difficulty": 0.0,
    "intent": 0.0,
    "scenario_type": 0.0,
    "style": 0.0,
    "noise": 0.0
  }
}