{
  "attribute_match_rate": 0.7916666666666666,
  "discriminator_accuracy": 0.25,
  "synthetic_detection_rate": 0.3333333333333333,
  "near_duplicate_rate": 0.25,
  "combination_coverage": 0.8,
  "entropy/intent": 0.9925308085173912,
  "entropy/difficulty": 0.9642934129442272,
  "entropy/ambiguity": 0.8941111578818987,
  "entropy/style": 0.9835660090431769,
  "entropy/noise": 0.9712286306293442,
  "entropy/scenario_type": 0.9952467469708334,
  "coverage/intent": 1.0,
  "coverage/difficulty": 1.0,
  "coverage/ambiguity": 1.0,
  "coverage/style": 1.0,
  "coverage/noise": 1.0,
  "coverage/scenario_type": 1.0,
  "mode_seeking_ratio": 0.23072095290787753,
  "text_distance_mean": 0.9581439471582046,
  "banned_phrasings_total": 4.0,
  "banned_phrasings_new": 1.0,
  "coverage_classifier_auroc": 1.0
}