{
  "mode_seeking_ratio": 0.2440543752787632,
  "n_pairs": 120,
  "text_distance_mean": 0.948009688464627,
  "target_distance_mean": 4.3,
  "attribute_sensitivity": {
    "style": 0.0,
    "intent": 0.0,
    "ambiguity": 0.0,
    "noise": 0.8948534553845795,
    "difficulty": 0.0,
    "scenario_type": 0.0
  }
}