{
  "attribute_match_rate": 0.8260869565217391,
  "discriminator_accuracy": 0.875,
  "synthetic_detection_rate": 0.9,
  "near_duplicate_rate": 0.25,
  "combination_coverage": 0.8,
  "entropy/intent": 0.9964170965457584,
  "entropy/difficulty": 0.9876197168461961,
  "entropy/ambiguity": 0.9323544458797425,
  "entropy/style": 0.8689283326546441,
  "entropy/noise": 0.9718864326999251,
  "entropy/scenario_type": 0.9703599343920261,
  "coverage/intent": 1.0,
  "coverage/difficulty": 1.0,
  "coverage/ambiguity": 1.0,
  "coverage/style": 0.8333333333333334,
  "coverage/noise": 1.0,
  "coverage/scenario_type": 1.0,
  "mode_seeking_ratio": 0.23758300582269698,
  "text_distance_mean": 0.966709836655458,
  "banned_phrasings_total": 6.0,
  "banned_phrasings_new": 2.0,
  "coverage_classifier_auroc": 1.0
}