{
  "mode_seeking_ratio": 0.22621816918680196,
  "n_pairs": 253,
  "text_distance_mean": 0.9635361858866113,
  "target_distance_mean": 4.509881422924901,
  "attribute_sensitivity": {
    "noise": 0.9448002871993443,
    "difficulty": 0.0,
    "intent": 0.0,
    "scenario_type": 0.0,
    "style": 0.0,
    "ambiguity": 0.0
  }
}