{
  "mode_seeking_ratio": 0.22535482357018186,
  "n_pairs": 120,
  "text_distance_mean": 0.9386761735104173,
  "target_distance_mean": 4.433333333333334,
  "attribute_sensitivity": {
    "ambiguity": 0.0,
    "intent": 0.0,
    "difficulty": 0.8303341797170084,
    "scenario_type": 0.0,
    "style": 0.0,
    "noise": 0.0
  }
}