{
  "mode_seeking_ratio": 0.2208664688452518,
  "n_pairs": 120,
  "text_distance_mean": 0.9221697595462589,
  "target_distance_mean": 4.508333333333334,
  "attribute_sensitivity": {
    "ambiguity": 0.0,
    "intent": 0.9480096141510664,
    "difficulty": 0.0,
    "scenario_type": 0.0,
    "style": 0.0,
    "noise": 0.0
  }
}