{
  "run_dir": "E:\\Projects\\PromptForge\\experiments\\_diagnostics\\smoke_paired_f1_f7_no_pack\\20260603T062951Z",
  "n_iterations": 3,
  "final_prompt_version": 2,
  "metric_history": [
    {
      "iteration": 0.0,
      "attribute_match_rate": 0.9523809523809523,
      "discriminator_accuracy": 0.375,
      "synthetic_detection_rate": 0.5333333333333333,
      "near_duplicate_rate": 0.25,
      "combination_coverage": 0.8666666666666667,
      "entropy/intent": 0.997303870639173,
      "entropy/difficulty": 0.980315378922394,
      "entropy/ambiguity": 0.9748830897462034,
      "entropy/style": 0.94353613134594,
      "entropy/noise": 0.9763945235672326,
      "entropy/scenario_type": 0.980315378922394,
      "coverage/intent": 1.0,
      "coverage/difficulty": 1.0,
      "coverage/ambiguity": 1.0,
      "coverage/style": 1.0,
      "coverage/noise": 1.0,
      "coverage/scenario_type": 1.0,
      "mode_seeking_ratio": 0.2218402924155932,
      "text_distance_mean": 0.9556927816715025,
      "banned_phrasings_total": 3.0,
      "banned_phrasings_new": 3.0,
      "coverage_classifier_auroc": 1.0
    },
    {
      "iteration": 1.0,
      "attribute_match_rate": 0.8181818181818182,
      "discriminator_accuracy": 0.4166666666666667,
      "synthetic_detection_rate": 0.5882352941176471,
      "near_duplicate_rate": 0.25,
      "combination_coverage": 0.8,
      "entropy/intent": 0.9961982334892152,
      "entropy/difficulty": 0.9643787017331664,
      "entropy/ambiguity": 0.987029693781109,
      "entropy/style": 0.8567632221000826,
      "entropy/noise": 0.9166222909544273,
      "entropy/scenario_type": 0.9741707427017493,
      "coverage/intent": 1.0,
      "coverage/difficulty": 1.0,
      "coverage/ambiguity": 1.0,
      "coverage/style": 0.8333333333333334,
      "coverage/noise": 1.0,
      "coverage/scenario_type": 1.0,
      "mode_seeking_ratio": 0.23185655478985315,
      "text_distance_mean": 0.9633793965114582,
      "banned_phrasings_total": 3.0,
      "banned_phrasings_new": 0.0,
      "coverage_classifier_auroc": 0.9982954545454545
    },
    {
      "iteration": 2.0,
      "attribute_match_rate": 0.7916666666666666,
      "discriminator_accuracy": 0.25,
      "synthetic_detection_rate": 0.3333333333333333,
      "near_duplicate_rate": 0.25,
      "combination_coverage": 0.8,
      "entropy/intent": 0.9925308085173912,
      "entropy/difficulty": 0.9642934129442272,
      "entropy/ambiguity": 0.8941111578818987,
      "entropy/style": 0.9835660090431769,
      "entropy/noise": 0.9712286306293442,
      "entropy/scenario_type": 0.9952467469708334,
      "coverage/intent": 1.0,
      "coverage/difficulty": 1.0,
      "coverage/ambiguity": 1.0,
      "coverage/style": 1.0,
      "coverage/noise": 1.0,
      "coverage/scenario_type": 1.0,
      "mode_seeking_ratio": 0.23072095290787753,
      "text_distance_mean": 0.9581439471582046,
      "banned_phrasings_total": 4.0,
      "banned_phrasings_new": 1.0,
      "coverage_classifier_auroc": 1.0
    }
  ],
  "prompt_history": [
    {
      "version": 0,
      "iteration": 0,
      "prompt": "Generate realistic customer support messages that match the requested intent\nand style. The example should be plausible for a customer support channel\n(email, chat, in-app form). Keep it short to medium length. Output a JSON\nobject with the sample id, the text, and the attribute values.\n",
      "motivation": "initial prompt",
      "feedback_summary": {},
      "timestamp": "2026-06-03T06:29:51.519361+00:00"
    },
    {
      "version": 1,
      "iteration": 1,
      "prompt": "\"\"\"Generate realistic customer support messages that match the requested intent and style. The example should be plausible for a customer support channel (email, chat, in-app form). Keep it concise and structured, avoiding irrelevant details. Output a JSON object with the sample id, the text, and the attribute values.\n\nPreferred phrasings:\n- \"two factor codes never come through, I've been locked out for 2 days now\"\n- \"i paid for the upgrade but features are still locked\"\n- \"is the pro plan billed monthly or yearly?\"\n- \"ordered 2 items, only got 1. want a refund on the missing one, not a reship.\"\n\nForbidden phrasings:\n- 'I\u2019m really upset because'\n- 'I am experiencing an unusual issue'\n- 'I can\u2019t believe how long it\u2019s taking'\n\nEnsure the generated messages reflect a formal tone and structured language, particularly for technical problems and complaints. Introduce varied sentence structures and emotional tones, especially in refund requests. Aim for a mix of common and unique scenarios to enhance diversity in the output. Avoid redundancy in phrasing and ensure clarity in intent, difficulty, and style. Focus on producing messages that are both realistic and representative of actual customer support interactions.\"\"\"",
      "motivation": "The batch exhibits a good range of intents and styles, but there is significant redundancy in phrasing and sentence structure, particularly among refund requests and complaints. Many texts follow similar patterns, leading to a lack of nuanced diversity.",
      "feedback_summary": {
        "iteration": 0,
        "n_attribute_failures": 1,
        "n_realism_artifacts": 16,
        "near_duplicate_rate": 0.25,
        "pack_accuracy": null,
        "mode_seeking_ratio": 0.2218402924155932,
        "n_banned_phrasings": 3,
        "missing_modes": [
          "A more formal and detailed complaint mode that includes specific examples or incidents.",
          "A technical problem mode that describes unique or less common issues.",
          "A refund request mode that includes a more varied emotional tone or context."
        ],
        "overrepresented_modes": [
          "Concise and informal styles in general questions and refund requests.",
          "Emotional expressions in complaints that often follow a similar structure.",
          "Fragmented styles in technical problems that tend to repeat common phrases."
        ],
        "metrics": {
          "attribute_match_rate": 0.9523809523809523,
          "discriminator_accuracy": 0.375,
          "synthetic_detection_rate": 0.5333333333333333,
          "near_duplicate_rate": 0.25,
          "combination_coverage": 0.8666666666666667,
          "entropy/intent": 0.997303870639173,
          "entropy/difficulty": 0.980315378922394,
          "entropy/ambiguity": 0.9748830897462034,
          "entropy/style": 0.94353613134594,
          "entropy/noise": 0.9763945235672326,
          "entropy/scenario_type": 0.980315378922394,
          "coverage/intent": 1.0,
          "coverage/difficulty": 1.0,
          "coverage/ambiguity": 1.0,
          "coverage/style": 1.0,
          "coverage/noise": 1.0,
          "coverage/scenario_type": 1.0,
          "mode_seeking_ratio": 0.2218402924155932,
          "text_distance_mean": 0.9556927816715025,
          "banned_phrasings_total": 3.0,
          "banned_phrasings_new": 3.0,
          "coverage_classifier_auroc": 1.0
        }
      },
      "timestamp": "2026-06-03T06:32:05.572351+00:00"
    },
    {
      "version": 2,
      "iteration": 2,