{
  "mode_seeking_ratio": 0.23182396044186135,
  "n_pairs": 120,
  "text_distance_mean": 0.9364365215382151,
  "target_distance_mean": 4.408333333333333,
  "attribute_sensitivity": {
    "difficulty": 0.0,
    "intent": 0.9735398747149575,
    "style": 0.0,
    "ambiguity": 0.0,
    "scenario_type": 0.0,
    "noise": 0.0
  }
}