{
  "attribute_match_rate": 0.0,
  "discriminator_accuracy": 0.7916666666666666,
  "synthetic_detection_rate": 0.0,
  "near_duplicate_rate": 0.25,
  "combination_coverage": 0.4666666666666667,
  "entropy/intent": 0.837055764846063,
  "entropy/difficulty": 0.9965119062478287,
  "entropy/ambiguity": 0.9755307720176264,
  "entropy/style": 0.8616051493362594,
  "entropy/noise": 0.9822177815287606,
  "entropy/scenario_type": 0.8957541375001009,
  "coverage/intent": 0.8,
  "coverage/difficulty": 1.0,
  "coverage/ambiguity": 1.0,
  "coverage/style": 0.8333333333333334,
  "coverage/noise": 1.0,
  "coverage/scenario_type": 1.0
}