{
  "mode_seeking_ratio": 0.2460210138502067,
  "n_pairs": 120,
  "text_distance_mean": 0.9530677400674197,
  "target_distance_mean": 4.3,
  "attribute_sensitivity": {
    "style": 0.0,
    "intent": 0.0,
    "ambiguity": 0.0,
    "noise": 0.9353102531081772,
    "difficulty": 0.0,
    "scenario_type": 0.0
  }
}