{
  "attribute_match_rate": 0.0625,
  "discriminator_accuracy": 1.0,
  "synthetic_detection_rate": 1.0,
  "near_duplicate_rate": 0.15,
  "combination_coverage": 0.7333333333333333,
  "entropy/intent": 0.9487027337173605,
  "entropy/difficulty": 0.9755307720176264,
  "entropy/ambiguity": 0.946394630357186,
  "entropy/style": 0.9306282244165779,
  "entropy/noise": 0.8410335941990121,
  "entropy/scenario_type": 0.9850568223215079,
  "coverage/intent": 1.0,
  "coverage/difficulty": 1.0,
  "coverage/ambiguity": 1.0,
  "coverage/style": 1.0,
  "coverage/noise": 1.0,
  "coverage/scenario_type": 1.0
}