{
  "mode_seeking_ratio": 0.23466642627683296,
  "n_pairs": 190,
  "text_distance_mean": 0.9486485228164108,
  "target_distance_mean": 4.436842105263158,
  "attribute_sensitivity": {
    "noise": 0.0,
    "difficulty": 0.0,
    "style": 0.0,
    "scenario_type": 0.0,
    "ambiguity": 0.8713625866624428,
    "intent": 0.8694947222328528
  }
}