{
  "run_dir": "E:\\Projects\\PromptForge\\experiments\\task69_no_pack_vs_seed23\\no_pack\\20260603T044533Z",
  "n_iterations": 3,
  "final_prompt_version": 2,
  "metric_history": [
    {
      "iteration": 0.0,
      "attribute_match_rate": 0.75,
      "discriminator_accuracy": 0.0,
      "synthetic_detection_rate": 0.0,
      "near_duplicate_rate": 0.35,
      "combination_coverage": 0.6666666666666666,
      "entropy/intent": 0.9925308085173912,
      "entropy/difficulty": 0.8359889967247164,
      "entropy/ambiguity": 0.9680589902708631,
      "entropy/style": 0.8888789007632631,
      "entropy/noise": 0.9463423096631887,
      "entropy/scenario_type": 0.9358932809493993,
      "coverage/intent": 1.0,
      "coverage/difficulty": 1.0,
      "coverage/ambiguity": 1.0,
      "coverage/style": 1.0,
      "coverage/noise": 1.0,
      "coverage/scenario_type": 1.0,
      "mode_seeking_ratio": 0.23560224267855007,
      "text_distance_mean": 0.9513148468781871,
      "banned_phrasings_total": 3.0,
      "banned_phrasings_new": 3.0,
      "coverage_classifier_auroc": 1.0
    },
    {
      "iteration": 1.0,
      "attribute_match_rate": 1.0,
      "discriminator_accuracy": 0.9166666666666666,
      "synthetic_detection_rate": 0.9,
      "near_duplicate_rate": 0.25,
      "combination_coverage": 0.7333333333333333,
      "entropy/intent": 1.0000000000000002,
      "entropy/difficulty": 0.9835386311891134,
      "entropy/ambiguity": 0.9372305632161295,
      "entropy/style": 0.9152772314063036,
      "entropy/noise": 0.9297754970099917,
      "entropy/scenario_type": 0.9089460785096519,
      "coverage/intent": 1.0,
      "coverage/difficulty": 1.0,
      "coverage/ambiguity": 1.0,
      "coverage/style": 1.0,
      "coverage/noise": 1.0,
      "coverage/scenario_type": 1.0,
      "mode_seeking_ratio": 0.22995553088147347,
      "text_distance_mean": 0.951595375470461,
      "banned_phrasings_total": 5.0,
      "banned_phrasings_new": 2.0,
      "coverage_classifier_auroc": 1.0
    },
    {
      "iteration": 2.0,
      "attribute_match_rate": 0.8695652173913043,
      "discriminator_accuracy": 0.7916666666666666,
      "synthetic_detection_rate": 0.7692307692307693,
      "near_duplicate_rate": 0.25,
      "combination_coverage": 0.8,
      "entropy/intent": 0.9964170965457584,
      "entropy/difficulty": 0.9659535505394684,
      "entropy/ambiguity": 0.9982526816976661,
      "entropy/style": 0.9299106806775858,
      "entropy/noise": 0.8543059220661063,
      "entropy/scenario_type": 0.9659535505394684,
      "coverage/intent": 1.0,
      "coverage/difficulty": 1.0,
      "coverage/ambiguity": 1.0,
      "coverage/style": 1.0,
      "coverage/noise": 1.0,
      "coverage/scenario_type": 1.0,
      "mode_seeking_ratio": 0.23123573868110583,
      "text_distance_mean": 0.9474494704310474,
      "banned_phrasings_total": 7.0,
      "banned_phrasings_new": 2.0,
      "coverage_classifier_auroc": 1.0
    }
  ],
  "prompt_history": [
    {
      "version": 0,
      "iteration": 0,
      "prompt": "Generate realistic customer support messages that match the requested intent\nand style. The example should be plausible for a customer support channel\n(email, chat, in-app form). Keep it short to medium length. Output a JSON\nobject with the sample id, the text, and the attribute values.\n",
      "motivation": "initial prompt",
      "feedback_summary": {},
      "timestamp": "2026-06-03T04:45:33.750761+00:00"
    },
    {
      "version": 1,
      "iteration": 1,
      "prompt": "\"\"\"Generate realistic customer support messages that align with the requested intent and style. The messages should be plausible for a customer support channel (email, chat, in-app form) and vary in length from short to medium. Ensure clarity, specificity, and appropriate complexity for the assigned difficulty level. Output a JSON object containing the sample id, the text, and the attribute values.\n\n**Preferred phrasings:**\n- (label=general_question) \"Hi team, quick one - does the API have a rate limit on the search endpoint?\"\n- (label=general_question) \"Is the pro plan billed monthly or yearly?\"\n- (label=refund_request) \"Ordered 2 items, only got 1. Want a refund on the missing one, not a reship.\"\n- (label=account_issue) \"Two factor codes never come through, I've been locked out for 2 days now.\"\n\n**Forbidden phrasings:**\n- \"I thought fast shipping was promised?\"\n- \"I distinctly remember seeing the confirmation email about it.\"\n- \"I want to ensure I follow the correct steps.\"\n\nFocus on generating diverse scenarios, including edge cases for refund requests and complaints, and incorporate varied emotional expressions. Strive for a mix of formal and informal styles, especially in technical issues, while avoiding redundancy in phrasing and structure. Aim for clarity in intent and reduce ambiguity in requests. Ensure that the generated texts reflect a realistic tone and structure consistent with actual customer interactions.\"\"\"",
      "motivation": "The batch exhibits a high level of redundancy in phrasing and structure, particularly in refund requests and complaints, with many samples using similar constructions and expressions. There is a lack of nuanced scenarios and diverse vocabulary across the texts.",
      "feedback_summary": {
        "iteration": 0,
        "n_attribute_failures": 6,
        "n_realism_artifacts": 9,
        "near_duplicate_rate": 0.35,
        "pack_accuracy": null,
        "mode_seeking_ratio": 0.23560224267855007,
        "n_banned_phrasings": 3,
        "missing_modes": [
          "edge_case scenarios for refund requests and complaints",
          "more informal styles in technical problems",
          "varied emotional expressions in complaints"
        ],
        "overrepresented_modes": [
          "formal style in refund requests and general questions",
          "concise style in general questions",
          "fragmented style in complaints and technical problems"
        ],
        "metrics": {
          "attribute_match_rate": 0.75,
          "discriminator_accuracy": 0.0,
          "synthetic_detection_rate": 0.0,
          "near_duplicate_rate": 0.35,
          "combination_coverage": 0.6666666666666666,
          "entropy/intent": 0.9925308085173912,
          "entropy/difficulty": 0.8359889967247164,
          "entropy/ambiguity": 0.9680589902708631,
          "entropy/style": 0.8888789007632631,
          "entropy/noise": 0.9463423096631887,
          "entropy/scenario_type": 0.9358932809493993,
          "coverage/intent": 1.0,
          "coverage/difficulty": 1.0,
          "coverage/ambiguity": 1.0,
          "coverage/style": 1.0,
          "coverage/noise": 1.0,
          "coverage/scenario_type": 1.0,
          "mode_seeking_ratio": 0.23560224267855007,
          "text_distance_mean": 0.9513148468781871,
          "banned_phrasings_total": 3.0,
          "banned_phrasings_new": 3.0,
          "coverage_classifier_auroc": 1.0
        }
      },
      "timestamp": "2026-06-03T04:47:33.670220+00:00"
    },
    {
      "version": 2,
      "iteration": 2,