{
  "attribute_match_rate": 0.75,
  "discriminator_accuracy": 0.3333333333333333,
  "synthetic_detection_rate": 0.4444444444444444,
  "near_duplicate_rate": 0.25,
  "combination_coverage": 0.8,
  "entropy/intent": 0.9873179343530822,
  "entropy/difficulty": 0.9952467469708334,
  "entropy/ambiguity": 0.9320942709786563,
  "entropy/style": 0.8990207384578003,
  "entropy/noise": 0.9807765320912628,
  "entropy/scenario_type": 0.9152153491241769,
  "coverage/intent": 1.0,
  "coverage/difficulty": 1.0,
  "coverage/ambiguity": 1.0,
  "coverage/style": 1.0,
  "coverage/noise": 1.0,
  "coverage/scenario_type": 1.0,
  "pack_accuracy": 0.5,
  "pack_confidence": 0.9,
  "mode_seeking_ratio": 0.22607931044297222,
  "text_distance_mean": 0.948149283624311,
  "banned_phrasings_total": 5.0,
  "banned_phrasings_new": 1.0,
  "coverage_classifier_auroc": 1.0
}