{
  "mode_seeking_ratio": 0.22643476591288134,
  "n_pairs": 120,
  "text_distance_mean": 0.9444365768789107,
  "target_distance_mean": 4.383333333333334,
  "attribute_sensitivity": {
    "difficulty": 0.0,
    "intent": 0.0,
    "style": 0.0,
    "ambiguity": 0.0,
    "scenario_type": 0.0,
    "noise": 0.0
  }
}