{
  "attribute_match_rate": 0.9047619047619048,
  "discriminator_accuracy": 0.2916666666666667,
  "synthetic_detection_rate": 0.4666666666666667,
  "near_duplicate_rate": 0.25,
  "combination_coverage": 0.8666666666666667,
  "entropy/intent": 0.997303870639173,
  "entropy/difficulty": 0.980315378922394,
  "entropy/ambiguity": 0.9748830897462034,
  "entropy/style": 0.94353613134594,
  "entropy/noise": 0.9763945235672326,
  "entropy/scenario_type": 0.980315378922394,
  "coverage/intent": 1.0,
  "coverage/difficulty": 1.0,
  "coverage/ambiguity": 1.0,
  "coverage/style": 1.0,
  "coverage/noise": 1.0,
  "coverage/scenario_type": 1.0,
  "pack_accuracy": 0.875,
  "pack_confidence": 0.9,
  "mode_seeking_ratio": 0.22023019678401778,
  "text_distance_mean": 0.9456471939041643,
  "banned_phrasings_total": 1.0,
  "banned_phrasings_new": 1.0,
  "coverage_classifier_auroc": 1.0
}