{
  "mode_seeking_ratio": 0.22023019678401778,
  "n_pairs": 210,
  "text_distance_mean": 0.9456471939041643,
  "target_distance_mean": 4.557142857142857,
  "attribute_sensitivity": {
    "ambiguity": 0.0,
    "style": 0.0,
    "noise": 0.0,
    "difficulty": 0.0,
    "scenario_type": 0.0,
    "intent": 0.0
  }
}