{
  "attribute_match_rate": 0.25,
  "discriminator_accuracy": 0.9166666666666666,
  "synthetic_detection_rate": 1.0,
  "near_duplicate_rate": 0.15,
  "combination_coverage": 0.4,
  "entropy/intent": 0.7994270153880654,
  "entropy/difficulty": 0.9965119062478287,
  "entropy/ambiguity": 0.946394630357186,
  "entropy/style": 0.8156631257730544,
  "entropy/noise": 0.7103568254243086,
  "entropy/scenario_type": 0.9965119062478287,
  "coverage/intent": 0.7,
  "coverage/difficulty": 1.0,
  "coverage/ambiguity": 1.0,
  "coverage/style": 0.8333333333333334,
  "coverage/noise": 0.8,
  "coverage/scenario_type": 1.0,
  "pack_accuracy": 0.625,
  "pack_confidence": 0.925,
  "mode_seeking_ratio": 0.22019651580157096,
  "text_distance_mean": 0.9188077381462362,
  "banned_phrasings_total": 11.0,
  "banned_phrasings_new": 4.0,
  "coverage_classifier_auroc": 1.0
}