{
  "mode_seeking_ratio": 0.22019651580157096,
  "n_pairs": 120,
  "text_distance_mean": 0.9188077381462362,
  "target_distance_mean": 4.433333333333334,
  "attribute_sensitivity": {
    "ambiguity": 0.0,
    "intent": 0.0,
    "difficulty": 0.8163999113854347,
    "scenario_type": 0.0,
    "style": 0.0,
    "noise": 0.0
  }
}