{
  "run_dir": "E:\\Projects\\PromptForge\\experiments\\banking77_run_001_seed89\\full_attrforge\\20260602T052814Z",
  "n_iterations": 3,
  "final_prompt_version": 2,
  "metric_history": [
    {
      "iteration": 0.0,
      "attribute_match_rate": 0.0625,
      "discriminator_accuracy": 0.5833333333333334,
      "synthetic_detection_rate": 0.09090909090909091,
      "near_duplicate_rate": 0.25,
      "combination_coverage": 0.4,
      "entropy/intent": 0.7852242790441241,
      "entropy/difficulty": 0.9755307720176264,
      "entropy/ambiguity": 0.9320201587042913,
      "entropy/style": 0.8941244307468018,
      "entropy/noise": 0.9158830010682758,
      "entropy/scenario_type": 0.9965119062478287,
      "coverage/intent": 0.7,
      "coverage/difficulty": 1.0,
      "coverage/ambiguity": 1.0,
      "coverage/style": 0.8333333333333334,
      "coverage/noise": 1.0,
      "coverage/scenario_type": 1.0,
      "pack_accuracy": 0.375,
      "pack_confidence": 0.88125,
      "mode_seeking_ratio": 0.21171559786079702,
      "text_distance_mean": 0.9301131128387379,
      "banned_phrasings_total": 4.0,
      "banned_phrasings_new": 4.0,
      "coverage_classifier_auroc": 1.0
    },
    {
      "iteration": 1.0,
      "attribute_match_rate": 0.1875,
      "discriminator_accuracy": 0.75,
      "synthetic_detection_rate": 0.2,
      "near_duplicate_rate": 0.15,
      "combination_coverage": 0.43333333333333335,
      "entropy/intent": 0.9123132637620583,
      "entropy/difficulty": 0.9850568223215079,
      "entropy/ambiguity": 0.9755307720176264,
      "entropy/style": 0.9789848253208956,
      "entropy/noise": 0.9415787376332126,
      "entropy/scenario_type": 0.9755307720176264,
      "coverage/intent": 0.9,
      "coverage/difficulty": 1.0,
      "coverage/ambiguity": 1.0,
      "coverage/style": 1.0,
      "coverage/noise": 1.0,
      "coverage/scenario_type": 1.0,
      "pack_accuracy": 0.875,
      "pack_confidence": 0.8875,
      "mode_seeking_ratio": 0.207830533261666,
      "text_distance_mean": 0.9356775423656001,
      "banned_phrasings_total": 8.0,
      "banned_phrasings_new": 4.0,
      "coverage_classifier_auroc": 1.0
    },
    {
      "iteration": 2.0,
      "attribute_match_rate": 0.25,
      "discriminator_accuracy": 0.9166666666666666,
      "synthetic_detection_rate": 1.0,
      "near_duplicate_rate": 0.15,
      "combination_coverage": 0.43333333333333335,
      "entropy/intent": 0.9499420132200559,
      "entropy/difficulty": 0.9320201587042913,
      "entropy/ambiguity": 0.9755307720176264,
      "entropy/style": 0.9282136470754652,
      "entropy/noise": 0.8647365386176832,
      "entropy/scenario_type": 0.9320201587042913,
      "coverage/intent": 1.0,
      "coverage/difficulty": 1.0,
      "coverage/ambiguity": 1.0,
      "coverage/style": 1.0,
      "coverage/noise": 1.0,
      "coverage/scenario_type": 1.0,
      "pack_accuracy": 0.25,
      "pack_confidence": 0.8875,
      "mode_seeking_ratio": 0.22062043598194753,
      "text_distance_mean": 0.9417948801897266,
      "banned_phrasings_total": 11.0,
      "banned_phrasings_new": 3.0,
      "coverage_classifier_auroc": 1.0
    }
  ],
  "prompt_history": [
    {
      "version": 0,
      "iteration": 0,
      "prompt": "Generate realistic banking customer-support messages that match the requested intent\nand style. The example should be plausible for a customer support channel\n(email, chat, in-app form). Keep it short to medium length. Output a JSON\nobject with the sample id, the text, and the attribute values.\n",
      "motivation": "initial prompt",
      "feedback_summary": {},
      "timestamp": "2026-06-02T05:28:14.284382+00:00"
    },
    {
      "version": 1,
      "iteration": 1,
      "prompt": "\"\"\"Generate realistic banking customer-support messages that align with the specified intent, style, and scenario type. The messages should reflect a variety of customer concerns, including but not limited to lost or stolen cards, declined payments, and transaction issues. Ensure the messages vary in complexity, from straightforward inquiries to more nuanced complaints, and include a mix of formal, informal, emotional, and concise styles. \n\nOutput a JSON object containing the sample id, the text, and the attribute values. \n\nForbidden phrasings:\n- 'I thought my card was supposed to arrive by now?'\n- 'I was charged way more than I expected'\n- 'I just noticed that my recent payment was converted at a rate that seems off.'\n- 'I feel really frustrated right now'\n\nAim for diversity in phrasing to avoid near-duplicates and ensure that all intents are represented. Messages should be plausible for customer support channels (email, chat, in-app form) and maintain a balance of difficulty and ambiguity. Avoid overly formal or structured language to enhance realism. Consider including additional context or details to enrich the scenarios presented in the messages. Aim for a mix of short to medium-length responses to cater to different customer interaction styles.\"\"\"",
      "motivation": "The batch of synthetic samples shows a good variety of intents and difficulties, but there are missing attribute values for certain styles and intents. Additionally, there are near-duplicate phrasings and some overrepresented modes.",
      "feedback_summary": {
        "iteration": 0,
        "n_attribute_failures": 15,
        "n_realism_artifacts": 1,
        "near_duplicate_rate": 0.25,
        "pack_accuracy": 0.375,
        "mode_seeking_ratio": 0.21171559786079702,
        "n_banned_phrasings": 4,
        "missing_modes": [
          "intent: lost_or_stolen_card, declined_card_payment, card_payment_fee_charged, pending_card_payment",
          "style: formal, informal, emotional, concise",
          "scenario_type: transaction_issue, card_handling, general_inquiry"
        ],
        "overrepresented_modes": [
          "top_up_failed",
          "card_payment_wrong_exchange_rate",
          "card_payment_not_recognised"
        ],
        "metrics": {
          "attribute_match_rate": 0.0625,
          "discriminator_accuracy": 0.5833333333333334,
          "synthetic_detection_rate": 0.09090909090909091,
          "near_duplicate_rate": 0.25,
          "combination_coverage": 0.4,
          "entropy/intent": 0.7852242790441241,
          "entropy/difficulty": 0.9755307720176264,
          "entropy/ambiguity": 0.9320201587042913,
          "entropy/style": 0.8941244307468018,
          "entropy/noise": 0.9158830010682758,
          "entropy/scenario_type": 0.9965119062478287,
          "coverage/intent": 0.7,
          "coverage/difficulty": 1.0,
          "coverage/ambiguity": 1.0,
          "coverage/style": 0.8333333333333334,
          "coverage/noise": 1.0,
          "coverage/scenario_type": 1.0,
          "pack_accuracy": 0.375,
          "pack_confidence": 0.88125,
          "mode_seeking_ratio": 0.21171559786079702,
          "text_distance_mean": 0.9301131128387379,
          "banned_phrasings_total": 4.0,
          "banned_phrasings_new": 4.0,
          "coverage_classifier_auroc": 1.0
        }
      },
      "timestamp": "2026-06-02T05:30:12.441208+00:00"
    },
    {
      "version": 2,
      "iteration": 2,