{
  "mode_seeking_ratio": 0.225889595930956,
  "n_pairs": 120,
  "text_distance_mean": 0.9383274218555357,
  "target_distance_mean": 4.491666666666666,
  "attribute_sensitivity": {
    "ambiguity": 0.0,
    "intent": 0.9450416568675214,
    "difficulty": 0.0,
    "scenario_type": 0.0,
    "style": 0.0,
    "noise": 0.0
  }
}