{
  "attribute_match_rate": 0.9523809523809523,
  "discriminator_accuracy": 0.375,
  "synthetic_detection_rate": 0.5333333333333333,
  "near_duplicate_rate": 0.25,
  "combination_coverage": 0.8666666666666667,
  "entropy/intent": 0.997303870639173,
  "entropy/difficulty": 0.980315378922394,
  "entropy/ambiguity": 0.9748830897462034,
  "entropy/style": 0.94353613134594,
  "entropy/noise": 0.9763945235672326,
  "entropy/scenario_type": 0.980315378922394,
  "coverage/intent": 1.0,
  "coverage/difficulty": 1.0,
  "coverage/ambiguity": 1.0,
  "coverage/style": 1.0,
  "coverage/noise": 1.0,
  "coverage/scenario_type": 1.0,
  "mode_seeking_ratio": 0.2218402924155932,
  "text_distance_mean": 0.9556927816715025,
  "banned_phrasings_total": 3.0,
  "banned_phrasings_new": 3.0,
  "coverage_classifier_auroc": 1.0
}