{
  "attribute_match_rate": 0.8571428571428571,
  "discriminator_accuracy": 0.041666666666666664,
  "synthetic_detection_rate": 0.09090909090909091,
  "near_duplicate_rate": 0.35,
  "combination_coverage": 0.8666666666666667,
  "entropy/intent": 0.997303870639173,
  "entropy/difficulty": 0.9937866610055328,
  "entropy/ambiguity": 0.8452340439095353,
  "entropy/style": 0.9345054210720036,
  "entropy/noise": 0.9588649012766761,
  "entropy/scenario_type": 0.9748830897462034,
  "coverage/intent": 1.0,
  "coverage/difficulty": 1.0,
  "coverage/ambiguity": 1.0,
  "coverage/style": 1.0,
  "coverage/noise": 1.0,
  "coverage/scenario_type": 1.0,
  "mode_seeking_ratio": 0.23062545490381925,
  "text_distance_mean": 0.9631669836168109,
  "banned_phrasings_total": 5.0,
  "banned_phrasings_new": 3.0,
  "coverage_classifier_auroc": 1.0
}