{
  "mode_seeking_ratio": 0.23062545490381925,
  "n_pairs": 210,
  "text_distance_mean": 0.9631669836168109,
  "target_distance_mean": 4.438095238095238,
  "attribute_sensitivity": {
    "noise": 0.0,
    "difficulty": 0.0,
    "intent": 0.0,
    "scenario_type": 0.0,
    "style": 0.0,
    "ambiguity": 0.0
  }
}