{
  "mode_seeking_ratio": 0.21911558033730838,
  "n_pairs": 120,
  "text_distance_mean": 0.9360066561555513,
  "target_distance_mean": 4.6,
  "attribute_sensitivity": {
    "ambiguity": 0.0,
    "difficulty": 0.0,
    "intent": 0.0,
    "scenario_type": 0.0,
    "style": 0.7681478781016362,
    "noise": 0.0
  }
}