{
  "attribute_match_rate": 0.0,
  "discriminator_accuracy": 0.5833333333333334,
  "synthetic_detection_rate": 0.2222222222222222,
  "near_duplicate_rate": 0.15,
  "combination_coverage": 0.6,
  "entropy/intent": 0.9283832117695864,
  "entropy/difficulty": 0.9497012164384108,
  "entropy/ambiguity": 0.9850568223215079,
  "entropy/style": 0.9099617502405772,
  "entropy/noise": 0.9592101522724051,
  "entropy/scenario_type": 0.9497012164384108,
  "coverage/intent": 1.0,
  "coverage/difficulty": 1.0,
  "coverage/ambiguity": 1.0,
  "coverage/style": 1.0,
  "coverage/noise": 1.0,
  "coverage/scenario_type": 1.0,
  "pack_accuracy": 0.375,
  "pack_confidence": 0.88125,
  "mode_seeking_ratio": 0.22702089493721206,
  "text_distance_mean": 0.9514826903977242,
  "banned_phrasings_total": 11.0,
  "banned_phrasings_new": 4.0,
  "coverage_classifier_auroc": 1.0
}