{
  "mode_seeking_ratio": 0.22702089493721206,
  "n_pairs": 120,
  "text_distance_mean": 0.9514826903977242,
  "target_distance_mean": 4.508333333333334,
  "attribute_sensitivity": {
    "difficulty": 0.0,
    "intent": 0.0,
    "style": 0.0,
    "ambiguity": 0.0,
    "scenario_type": 0.0,
    "noise": 0.8820390479192805
  }
}