{
  "mode_seeking_ratio": 0.2366601817454042,
  "n_pairs": 120,
  "text_distance_mean": 0.9369546319624882,
  "target_distance_mean": 4.291666666666667,
  "attribute_sensitivity": {
    "difficulty": 0.0,
    "intent": 0.0,
    "style": 0.0,
    "ambiguity": 0.0,
    "scenario_type": 0.0,
    "noise": 0.0
  }
}