{
  "real_only_tfidf_f1": 0.4999999999999999,
  "real_only_st_f1": 0.8933333333333333,
  "augmented": []
}