{
  "ensemble_sc_no_pack": {
    "macros": [
      0.8933333333333333,
      0.8933333333333333,
      0.8933333333333333,
      0.8933333333333333,
      1.0,
      1.0,
      0.8933333333333333,
      1.0,
      1.0,
      1.0
    ],
    "worsts": [
      0.6666666666666666,
      0.6666666666666666,
      0.6666666666666666,
      0.6666666666666666,
      1.0,
      1.0,
      0.6666666666666666,
      1.0,
      1.0,
      1.0
    ]
  }
}