{
  "no_pack": [
    [
      0.8933333333333333,
      0.6666666666666666
    ],
    [
      0.8933333333333333,
      0.6666666666666666
    ],
    [
      1.0,
      1.0
    ],
    [
      0.8933333333333333,
      0.6666666666666666
    ],
    [
      0.8933333333333333,
      0.6666666666666666
    ],
    [
      0.8933333333333333,
      0.6666666666666666
    ],
    [
      0.8933333333333333,
      0.6666666666666666
    ],
    [
      1.0,
      1.0
    ],
    [
      0.8933333333333333,
      0.6666666666666666
    ],
    [
      1.0,
      1.0
    ]
  ],
  "no_mode_seeking": [
    [
      0.8933333333333333,
      0.6666666666666666
    ],
    [
      0.8933333333333333,
      0.6666666666666666
    ],
    [
      1.0,
      1.0
    ],
    [
      0.8933333333333333,
      0.6666666666666666
    ],
    [
      1.0,
      1.0
    ],
    [
      1.0,
      1.0
    ],
    [
      0.7333333333333333,
      0.0
    ],
    [
      0.72,
      0.0
    ],
    [
      1.0,
      1.0
    ],
    [
      0.8933333333333333,
      0.6666666666666666
    ]
  ],
  "no_mode_hunter": [
    [
      1.0,
      1.0
    ],
    [
      0.8933333333333333,
      0.6666666666666666
    ],
    [
      0.8933333333333333,
      0.6666666666666666
    ],
    [
      0.8933333333333333,
      0.6666666666666666
    ],
    [
      0.8933333333333333,
      0.6666666666666666
    ],
    [
      0.7333333333333333,
      0.0
    ],
    [
      0.8933333333333333,
      0.6666666666666666
    ],
    [
      0.8933333333333333,
      0.6666666666666666
    ],
    [
      0.8933333333333333,
      0.6666666666666666
    ],
    [
      0.7333333333333333,
      0.0
    ]
  ],
  "no_coverage_hole": [
    [
      1.0,
      1.0
    ],
    [
      0.8933333333333333,
      0.6666666666666666
    ],
    [
      1.0,
      1.0
    ],
    [
      0.8933333333333333,
      0.6666666666666666
    ],
    [
      0.8933333333333333,
      0.6666666666666666
    ],
    [
      0.8933333333333333,
      0.6666666666666666
    ],
    [
      0.7333333333333333,
      0.0
    ],
    [
      0.8933333333333333,
      0.6666666666666666
    ],
    [
      0.8933333333333333,
      0.6666666666666666
    ],
    [
      0.8933333333333333,
      0.6666666666666666
    ]
  ],
  "full_attrforge": [
    [
      0.8933333333333333,
      0.6666666666666666
    ],
    [
      0.7333333333333333,
      0.0
    ],
    [
      0.8933333333333333,
      0.6666666666666666
    ],
    [
      0.7333333333333333,
      0.0
    ],
    [
      1.0,
      1.0
    ],
    [
      0.8933333333333333,
      0.6666666666666666
    ],
    [
      0.8933333333333333,
      0.6666666666666666
    ],
    [
      0.7866666666666666,
      0.6666666666666666
    ],
    [
      0.8933333333333333,
      0.6666666666666666
    ],
    [
      1.0,
      1.0
    ]
  ]
}