{
  "attribute_match_rate": 0.9047619047619048,
  "discriminator_accuracy": 0.9583333333333334,
  "synthetic_detection_rate": 1.0,
  "near_duplicate_rate": 0.25,
  "combination_coverage": 0.8,
  "entropy/intent": 0.997303870639173,
  "entropy/difficulty": 0.9937866610055328,
  "entropy/ambiguity": 0.9216124027287592,
  "entropy/style": 0.9277902462594633,
  "entropy/noise": 0.9244658211275739,
  "entropy/scenario_type": 0.9092748525610018,
  "coverage/intent": 1.0,
  "coverage/difficulty": 1.0,
  "coverage/ambiguity": 1.0,
  "coverage/style": 1.0,
  "coverage/noise": 1.0,
  "coverage/scenario_type": 1.0,
  "mode_seeking_ratio": 0.2329788215487036,
  "text_distance_mean": 0.9620813696832926,
  "banned_phrasings_total": 4.0,
  "banned_phrasings_new": 3.0,
  "coverage_classifier_auroc": 1.0
}