{
  "run_dir": "E:\\Projects\\PromptForge\\experiments\\_diagnostics\\smoke_paired_f1_f6_no_pack\\20260603T060512Z",
  "n_iterations": 3,
  "final_prompt_version": 2,
  "metric_history": [
    {
      "iteration": 0.0,
      "attribute_match_rate": 0.8260869565217391,
      "discriminator_accuracy": 0.2916666666666667,
      "synthetic_detection_rate": 0.42857142857142855,
      "near_duplicate_rate": 0.35,
      "combination_coverage": 0.8666666666666667,
      "entropy/intent": 0.9909775756786534,
      "entropy/difficulty": 0.9659535505394684,
      "entropy/ambiguity": 0.9876197168461961,
      "entropy/style": 0.9296413565956573,
      "entropy/noise": 0.9718864326999251,
      "entropy/scenario_type": 0.9659535505394684,
      "coverage/intent": 1.0,
      "coverage/difficulty": 1.0,
      "coverage/ambiguity": 1.0,
      "coverage/style": 1.0,
      "coverage/noise": 1.0,
      "coverage/scenario_type": 1.0,
      "mode_seeking_ratio": 0.22498352156672735,
      "text_distance_mean": 0.9552037897116671,
      "banned_phrasings_total": 2.0,
      "banned_phrasings_new": 2.0,
      "coverage_classifier_auroc": 1.0
    },
    {
      "iteration": 1.0,
      "attribute_match_rate": 0.9047619047619048,
      "discriminator_accuracy": 0.041666666666666664,
      "synthetic_detection_rate": 0.07142857142857142,
      "near_duplicate_rate": 0.35,
      "combination_coverage": 0.8,
      "entropy/intent": 0.997303870639173,
      "entropy/difficulty": 0.9092748525610018,
      "entropy/ambiguity": 0.9424257960378287,
      "entropy/style": 0.9112735296912783,
      "entropy/noise": 0.9224177393686547,
      "entropy/scenario_type": 0.980315378922394,
      "coverage/intent": 1.0,
      "coverage/difficulty": 1.0,
      "coverage/ambiguity": 1.0,
      "coverage/style": 1.0,
      "coverage/noise": 1.0,
      "coverage/scenario_type": 1.0,
      "mode_seeking_ratio": 0.23608152099651392,
      "text_distance_mean": 0.953587369074663,
      "banned_phrasings_total": 2.0,
      "banned_phrasings_new": 0.0,
      "coverage_classifier_auroc": 1.0
    },
    {
      "iteration": 2.0,
      "attribute_match_rate": 0.95,
      "discriminator_accuracy": 0.3333333333333333,
      "synthetic_detection_rate": 0.4375,
      "near_duplicate_rate": 0.35,
      "combination_coverage": 0.7333333333333333,
      "entropy/intent": 1.0000000000000002,
      "entropy/difficulty": 0.9713107216099229,
      "entropy/ambiguity": 0.9089460785096519,
      "entropy/style": 0.9850972089384687,
      "entropy/noise": 0.9780451855744626,
      "entropy/scenario_type": 0.9545258142257613,
      "coverage/intent": 1.0,
      "coverage/difficulty": 1.0,
      "coverage/ambiguity": 1.0,
      "coverage/style": 1.0,
      "coverage/noise": 1.0,
      "coverage/scenario_type": 1.0,
      "mode_seeking_ratio": 0.22903602259994904,
      "text_distance_mean": 0.9456645235998266,
      "banned_phrasings_total": 5.0,
      "banned_phrasings_new": 3.0,
      "coverage_classifier_auroc": 1.0
    }
  ],
  "prompt_history": [
    {
      "version": 0,
      "iteration": 0,
      "prompt": "Generate realistic customer support messages that match the requested intent\nand style. The example should be plausible for a customer support channel\n(email, chat, in-app form). Keep it short to medium length. Output a JSON\nobject with the sample id, the text, and the attribute values.\n",
      "motivation": "initial prompt",
      "feedback_summary": {},
      "timestamp": "2026-06-03T06:05:12.923049+00:00"
    },
    {
      "version": 1,
      "iteration": 1,
      "prompt": "\"\"\"Generate realistic customer support messages that match the requested intent and style. The example should be plausible for a customer support channel (email, chat, in-app form). Keep it short to medium length, ensuring a formal tone and structured phrasing. Output a JSON object with the sample id, the text, and the attribute values.\n\n**Preferred phrasings:**\n- I changed my email and now I can't receive verification codes on the new one.\n- I paid for the upgrade but features are still locked.\n- Is the pro plan billed monthly or yearly?\n- Ordered 2 items, only got 1. Want a refund on the missing one, not a reship.\n\n**Forbidden phrasings:**\n- 'I\u2019m really stressed out because'\n- 'I would like to ask if I need to provide my payment information again'\n\nEnsure that the messages reflect a range of intents, including complaints, general questions, account issues, and refund requests. Incorporate varied sentence structures and emotional expressions, especially in complaint scenarios. Avoid overly casual language and fragmented styles, aiming for clarity and professionalism. Strive for diversity in scenarios, particularly for technical problems and refund requests, to enhance the depth of responses. Aim for a balance between conciseness and completeness in the messages, steering clear of repetitive templates and common phrases like 'I need help' or 'Can you assist me?'. Focus on producing samples that are attribute-faithful, realistic, and diverse.\"\"\"",
      "motivation": "The batch exhibits a high level of surface diversity with varied intents and styles, but there is significant nuance-level redundancy, particularly in the phrasing of complaints and account issues. Many texts follow similar structures and use common expressions, leading to a lack of depth in the diversity of responses.",
      "feedback_summary": {
        "iteration": 0,
        "n_attribute_failures": 4,
        "n_realism_artifacts": 15,
        "near_duplicate_rate": 0.35,
        "pack_accuracy": null,
        "mode_seeking_ratio": 0.22498352156672735,
        "n_banned_phrasings": 2,
        "missing_modes": [
          "More complex emotional expressions in complaints",
          "Unique scenarios for technical problems",
          "Diverse ways to request refunds beyond standard phrases"
        ],
        "overrepresented_modes": [
          "Concise and informal styles in complaints",
          "Fragmented style in general questions",
          "Common phrases like 'I need help' or 'Can you assist me?'"
        ],
        "metrics": {
          "attribute_match_rate": 0.8260869565217391,
          "discriminator_accuracy": 0.2916666666666667,
          "synthetic_detection_rate": 0.42857142857142855,
          "near_duplicate_rate": 0.35,
          "combination_coverage": 0.8666666666666667,
          "entropy/intent": 0.9909775756786534,
          "entropy/difficulty": 0.9659535505394684,
          "entropy/ambiguity": 0.9876197168461961,
          "entropy/style": 0.9296413565956573,
          "entropy/noise": 0.9718864326999251,
          "entropy/scenario_type": 0.9659535505394684,
          "coverage/intent": 1.0,
          "coverage/difficulty": 1.0,
          "coverage/ambiguity": 1.0,
          "coverage/style": 1.0,
          "coverage/noise": 1.0,
          "coverage/scenario_type": 1.0,
          "mode_seeking_ratio": 0.22498352156672735,
          "text_distance_mean": 0.9552037897116671,
          "banned_phrasings_total": 2.0,
          "banned_phrasings_new": 2.0,
          "coverage_classifier_auroc": 1.0
        }
      },
      "timestamp": "2026-06-03T06:07:18.539546+00:00"
    },
    {
      "version": 2,
      "iteration": 2,