{
  "attribute_match_rate": 0.5833333333333334,
  "discriminator_accuracy": 1.0,
  "synthetic_detection_rate": 1.0,
  "near_duplicate_rate": 0.25,
  "combination_coverage": 0.36666666666666664,
  "entropy/intent": 0.978837914159631,
  "entropy/difficulty": 0.8734790278701755,
  "entropy/ambiguity": 0.920619835714305,
  "entropy/style": 0.911188669681059,
  "entropy/noise": 0.9873179343530822,
  "entropy/scenario_type": 0.920619835714305,
  "coverage/intent": 1.0,
  "coverage/difficulty": 1.0,
  "coverage/ambiguity": 1.0,
  "coverage/style": 1.0,
  "coverage/noise": 1.0,
  "coverage/scenario_type": 1.0,
  "pack_accuracy": 0.25,
  "pack_confidence": 0.88125,
  "mode_seeking_ratio": 0.2120244587358041,
  "text_distance_mean": 0.9396474993060312,
  "banned_phrasings_total": 0.0,
  "banned_phrasings_new": 0.0,
  "coverage_classifier_auroc": 1.0
}