{
  "attribute_match_rate": 0.8181818181818182,
  "discriminator_accuracy": 0.2916666666666667,
  "synthetic_detection_rate": 0.5384615384615384,
  "near_duplicate_rate": 0.25,
  "combination_coverage": 0.8,
  "entropy/intent": 0.9905114616736054,
  "entropy/difficulty": 0.9643787017331664,
  "entropy/ambiguity": 0.987029693781109,
  "entropy/style": 0.9098596492561206,
  "entropy/noise": 0.9833753864788932,
  "entropy/scenario_type": 0.9056185178648963,
  "coverage/intent": 1.0,
  "coverage/difficulty": 1.0,
  "coverage/ambiguity": 1.0,
  "coverage/style": 1.0,
  "coverage/noise": 1.0,
  "coverage/scenario_type": 1.0,
  "mode_seeking_ratio": 0.23131532422931705,
  "text_distance_mean": 0.9622762192248252,
  "banned_phrasings_total": 7.0,
  "banned_phrasings_new": 2.0,
  "coverage_classifier_auroc": 1.0
}