{
  "mode_seeking_ratio": 0.23486720155731214,
  "n_pairs": 120,
  "text_distance_mean": 0.9459356528880423,
  "target_distance_mean": 4.4,
  "attribute_sensitivity": {
    "difficulty": 0.0,
    "intent": 0.9694572205034552,
    "style": 0.0,
    "ambiguity": 0.0,
    "scenario_type": 0.0,
    "noise": 0.0
  }
}