{
  "mode_seeking_ratio": 0.22730768999079404,
  "n_pairs": 120,
  "text_distance_mean": 0.9347466770855765,
  "target_distance_mean": 4.416666666666667,
  "attribute_sensitivity": {
    "difficulty": 0.0,
    "intent": 0.8553050480166177,
    "style": 0.0,
    "ambiguity": 0.0,
    "scenario_type": 0.0,
    "noise": 0.0
  }
}