{
  "attribute_match_rate": 0.0,
  "discriminator_accuracy": 0.5,
  "synthetic_detection_rate": 0.5,
  "near_duplicate_rate": 0.15,
  "combination_coverage": 0.6666666666666666,
  "entropy/intent": 0.8647365386176832,
  "entropy/difficulty": 0.9965119062478287,
  "entropy/ambiguity": 0.9850568223215079,
  "entropy/style": 0.9488801212514659,
  "entropy/noise": 0.9256951044610051,
  "entropy/scenario_type": 0.9755307720176264,
  "coverage/intent": 1.0,
  "coverage/difficulty": 1.0,
  "coverage/ambiguity": 1.0,
  "coverage/style": 1.0,
  "coverage/noise": 1.0,
  "coverage/scenario_type": 1.0
}