{
  "attribute_match_rate": 0.8636363636363636,
  "discriminator_accuracy": 0.08333333333333333,
  "synthetic_detection_rate": 0.0,
  "near_duplicate_rate": 0.25,
  "combination_coverage": 0.9333333333333333,
  "entropy/intent": 0.9961982334892152,
  "entropy/difficulty": 0.9741707427017493,
  "entropy/ambiguity": 0.9981459752167369,
  "entropy/style": 0.9223979623580449,
  "entropy/noise": 0.8639631562344543,
  "entropy/scenario_type": 0.9741707427017493,
  "coverage/intent": 1.0,
  "coverage/difficulty": 1.0,
  "coverage/ambiguity": 1.0,
  "coverage/style": 1.0,
  "coverage/noise": 1.0,
  "coverage/scenario_type": 1.0,
  "pack_accuracy": 0.25,
  "pack_confidence": 0.9,
  "mode_seeking_ratio": 0.23143633771846242,
  "text_distance_mean": 0.9528346301396979,
  "banned_phrasings_total": 9.0,
  "banned_phrasings_new": 3.0,
  "coverage_classifier_auroc": 1.0
}