{
  "run_dir": "E:\\Projects\\PromptForge\\experiments\\main_run_002_seed149\\realism_only\\20260602T051031Z",
  "n_iterations": 3,
  "final_prompt_version": 2,
  "metric_history": [
    {
      "iteration": 0.0,
      "attribute_match_rate": 0.0,
      "discriminator_accuracy": 0.9166666666666666,
      "synthetic_detection_rate": 0.7142857142857143,
      "near_duplicate_rate": 0.15,
      "combination_coverage": 0.5333333333333333,
      "entropy/intent": 0.9256951044610051,
      "entropy/difficulty": 0.8024052436705212,
      "entropy/ambiguity": 0.8620485698650452,
      "entropy/style": 0.9218145574751188,
      "entropy/noise": 0.9415787376332126,
      "entropy/scenario_type": 0.8957541375001009,
      "coverage/intent": 1.0,
      "coverage/difficulty": 1.0,
      "coverage/ambiguity": 1.0,
      "coverage/style": 1.0,
      "coverage/noise": 1.0,
      "coverage/scenario_type": 1.0
    },
    {
      "iteration": 1.0,
      "attribute_match_rate": 0.0,
      "discriminator_accuracy": 0.9583333333333334,
      "synthetic_detection_rate": 0.9,
      "near_duplicate_rate": 0.15,
      "combination_coverage": 0.8,
      "entropy/intent": 0.9592101522724051,
      "entropy/difficulty": 0.9755307720176264,
      "entropy/ambiguity": 0.895014514573153,
      "entropy/style": 0.7737056144690831,
      "entropy/noise": 0.9724056781360315,
      "entropy/scenario_type": 0.9497012164384108,
      "coverage/intent": 1.0,
      "coverage/difficulty": 1.0,
      "coverage/ambiguity": 1.0,
      "coverage/style": 1.0,
      "coverage/noise": 1.0,
      "coverage/scenario_type": 1.0
    },
    {
      "iteration": 2.0,
      "attribute_match_rate": 0.0,
      "discriminator_accuracy": 0.7916666666666666,
      "synthetic_detection_rate": 0.4444444444444444,
      "near_duplicate_rate": 0.15,
      "combination_coverage": 0.6,
      "entropy/intent": 0.9283832117695864,
      "entropy/difficulty": 0.9497012164384108,
      "entropy/ambiguity": 0.9850568223215079,
      "entropy/style": 0.9099617502405772,
      "entropy/noise": 0.9592101522724051,
      "entropy/scenario_type": 0.9497012164384108,
      "coverage/intent": 1.0,
      "coverage/difficulty": 1.0,
      "coverage/ambiguity": 1.0,
      "coverage/style": 1.0,
      "coverage/noise": 1.0,
      "coverage/scenario_type": 1.0
    }
  ],
  "prompt_history": [
    {
      "version": 0,
      "iteration": 0,
      "prompt": "Generate realistic customer support messages that match the requested intent\nand style. The example should be plausible for a customer support channel\n(email, chat, in-app form). Keep it short to medium length. Output a JSON\nobject with the sample id, the text, and the attribute values.\n",
      "motivation": "initial prompt",
      "feedback_summary": {},
      "timestamp": "2026-06-02T05:10:31.737896+00:00"
    },
    {
      "version": 1,
      "iteration": 1,
      "prompt": "\"\"\"Generate realistic customer support messages that match the requested intent and style. The messages should be plausible for various customer support channels (email, chat, in-app form) and reflect a range of emotional tones, from casual to professional. Keep the length short to medium, ensuring distinct phrasings to minimize near-duplicates. Incorporate diverse scenarios, including edge cases and less common situations, while maintaining authenticity and a personal touch. \n\nOutput a JSON object with the following fields:\n- sample_id: A unique identifier for the message.\n- text: The content of the customer support message.\n- attributes: A set of key-value pairs representing the intent, emotional tone, and style.\n\nForbidden phrasings:\n- Overly formal language or structure.\n- Lengthy, overly detailed descriptions.\n- Exaggerated emotional language.\n- Scripted-sounding requests or complaints.\n\nAim for a balance of emotional expressions and avoid repetition in phrasing. Ensure that the responses feel genuine and relatable, reflecting real-world customer interactions. This will enhance the diversity and realism of the generated messages.\"\"\"",
      "motivation": "The batch of synthetic samples covers all attribute values, but there are instances of near-duplicate phrasings and some overrepresented styles. The diversity of scenarios is adequate, yet the emotional style appears frequently.",
      "feedback_summary": {
        "iteration": 0,
        "n_attribute_failures": 0,
        "n_realism_artifacts": 5,
        "near_duplicate_rate": 0.15,
        "pack_accuracy": null,
        "mode_seeking_ratio": null,
        "n_banned_phrasings": 0,
        "missing_modes": [],
        "overrepresented_modes": [
          "emotional",
          "formal"
        ],
        "metrics": {
          "attribute_match_rate": 0.0,
          "discriminator_accuracy": 0.9166666666666666,
          "synthetic_detection_rate": 0.7142857142857143,
          "near_duplicate_rate": 0.15,
          "combination_coverage": 0.5333333333333333,
          "entropy/intent": 0.9256951044610051,
          "entropy/difficulty": 0.8024052436705212,
          "entropy/ambiguity": 0.8620485698650452,
          "entropy/style": 0.9218145574751188,
          "entropy/noise": 0.9415787376332126,
          "entropy/scenario_type": 0.8957541375001009,
          "coverage/intent": 1.0,
          "coverage/difficulty": 1.0,
          "coverage/ambiguity": 1.0,
          "coverage/style": 1.0,
          "coverage/noise": 1.0,
          "coverage/scenario_type": 1.0
        }
      },
      "timestamp": "2026-06-02T05:11:32.325486+00:00"
    },
    {
      "version": 2,
      "iteration": 2,
      "prompt": "\"\"\"\"\"\"Generate realistic customer support messages that align with the requested intent and style. The messages should be plausible for various customer support channels (email, chat, in-app form) and reflect a broad spectrum of emotional tones, from casual to professional. Aim for a length that varies from short to medium, ensuring distinct phrasings to minimize near-duplicates. Incorporate a wide array of scenarios, including edge cases and less common situations, while maintaining authenticity and a personal touch.\n\nOutput a JSON object with the following fields:\n- sample_id: A unique identifier for the message.\n- text: The content of the customer support message.\n- attributes: A set of key-value pairs representing the intent, emotional tone, and style.\n\nForbidden phrasings:\n- Overly formal language or structure.\n- Lengthy, overly detailed descriptions.\n- Exaggerated emotional language.\n- Scripted-sounding requests or complaints.\n- Vague phrasing or filler words.\n\nEncourage varied phrasing to reduce near-duplicates and introduce more edge cases for enhanced diversity. Ensure responses feel genuine and relatable, reflecting real-world customer interactions, with a mix of emotional expressions and structural variation. This will improve the realism and diversity of the generated messages.\"\"\"\"\"\"",
      "motivation": "The batch exhibits a good coverage of attribute values, but there are some near-duplicate phrasings and a few missing edge cases. The diversity in scenarios is commendable, yet certain combinations could be explored further.",
      "feedback_summary": {
        "iteration": 1,
        "n_attribute_failures": 0,
        "n_realism_artifacts": 9,
        "near_duplicate_rate": 0.15,
        "pack_accuracy": null,
        "mode_seeking_ratio": null,
        "n_banned_phrasings": 0,
        "missing_modes": [],
        "overrepresented_modes": [
          "fragmented",
          "concise"
        ],
        "metrics": {
          "attribute_match_rate": 0.0,
          "discriminator_accuracy": 0.9583333333333334,
          "synthetic_detection_rate": 0.9,
          "near_duplicate_rate": 0.15,
          "combination_coverage": 0.8,
          "entropy/intent": 0.9592101522724051,
          "entropy/difficulty": 0.9755307720176264,
          "entropy/ambiguity": 0.895014514573153,