{
  "mode_seeking_ratio": 0.21929774562570106,
  "n_pairs": 120,
  "text_distance_mean": 0.9333953508094619,
  "target_distance_mean": 4.6,
  "attribute_sensitivity": {
    "ambiguity": 0.0,
    "difficulty": 0.0,
    "intent": 0.0,
    "scenario_type": 0.0,
    "style": 0.9059572663995453,
    "noise": 0.0
  }
}