{
  "mode_seeking_ratio": 0.24012439054405058,
  "n_pairs": 120,
  "text_distance_mean": 0.9523018691941777,
  "target_distance_mean": 4.283333333333333,
  "attribute_sensitivity": {
    "difficulty": 0.0,
    "intent": 0.0,
    "style": 0.0,
    "ambiguity": 0.0,
    "scenario_type": 0.8188512906222722,
    "noise": 0.0
  }
}