{
  "attribute_match_rate": 0.0,
  "discriminator_accuracy": 0.5,
  "synthetic_detection_rate": 0.5,
  "near_duplicate_rate": 0.15,
  "combination_coverage": 0.43333333333333335,
  "entropy/intent": 0.9123132637620583,
  "entropy/difficulty": 0.9850568223215079,
  "entropy/ambiguity": 0.9755307720176264,
  "entropy/style": 0.9789848253208956,
  "entropy/noise": 0.9415787376332126,
  "entropy/scenario_type": 0.9755307720176264,
  "coverage/intent": 0.9,
  "coverage/difficulty": 1.0,
  "coverage/ambiguity": 1.0,
  "coverage/style": 1.0,
  "coverage/noise": 1.0,
  "coverage/scenario_type": 1.0
}