{
  "mode_seeking_ratio": 0.2306476718970614,
  "n_pairs": 120,
  "text_distance_mean": 0.9415555750045854,
  "target_distance_mean": 4.391666666666667,
  "attribute_sensitivity": {
    "difficulty": 0.0,
    "intent": 0.0,
    "style": 0.0,
    "ambiguity": 0.0,
    "scenario_type": 0.0,
    "noise": 0.0
  }
}