{
  "run_dir": "E:\\Projects\\PromptForge\\experiments\\task69_no_pack_vs_seed17\\no_pack\\20260603T042215Z",
  "n_iterations": 3,
  "final_prompt_version": 2,
  "metric_history": [
    {
      "iteration": 0.0,
      "attribute_match_rate": 0.8695652173913043,
      "discriminator_accuracy": 0.7083333333333334,
      "synthetic_detection_rate": 0.75,
      "near_duplicate_rate": 0.25,
      "combination_coverage": 0.8666666666666667,
      "entropy/intent": 0.9964170965457584,
      "entropy/difficulty": 0.9659535505394684,
      "entropy/ambiguity": 0.9876197168461961,
      "entropy/style": 0.9296413565956573,
      "entropy/noise": 0.9718864326999251,
      "entropy/scenario_type": 0.9659535505394684,
      "coverage/intent": 1.0,
      "coverage/difficulty": 1.0,
      "coverage/ambiguity": 1.0,
      "coverage/style": 1.0,
      "coverage/noise": 1.0,
      "coverage/scenario_type": 1.0,
      "mode_seeking_ratio": 0.2265085724993514,
      "text_distance_mean": 0.9577258927421698,
      "banned_phrasings_total": 1.0,
      "banned_phrasings_new": 1.0,
      "coverage_classifier_auroc": 1.0
    },
    {
      "iteration": 1.0,
      "attribute_match_rate": 0.95,
      "discriminator_accuracy": 0.3333333333333333,
      "synthetic_detection_rate": 0.7272727272727273,
      "near_duplicate_rate": 0.25,
      "combination_coverage": 0.8,
      "entropy/intent": 1.0000000000000002,
      "entropy/difficulty": 0.9089460785096519,
      "entropy/ambiguity": 0.946394630357186,
      "entropy/style": 0.9144678583505098,
      "entropy/noise": 0.9135198794517726,
      "entropy/scenario_type": 0.9835386311891134,
      "coverage/intent": 1.0,
      "coverage/difficulty": 1.0,
      "coverage/ambiguity": 1.0,
      "coverage/style": 1.0,
      "coverage/noise": 1.0,
      "coverage/scenario_type": 1.0,
      "mode_seeking_ratio": 0.23431335580582743,
      "text_distance_mean": 0.9462777323327621,
      "banned_phrasings_total": 3.0,
      "banned_phrasings_new": 2.0,
      "coverage_classifier_auroc": 1.0
    },
    {
      "iteration": 2.0,
      "attribute_match_rate": 0.9047619047619048,
      "discriminator_accuracy": 0.16666666666666666,
      "synthetic_detection_rate": 0.36363636363636365,
      "near_duplicate_rate": 0.25,
      "combination_coverage": 0.8666666666666667,
      "entropy/intent": 0.997303870639173,
      "entropy/difficulty": 0.9748830897462034,
      "entropy/ambiguity": 0.9526841246715824,
      "entropy/style": 0.8510681783982296,
      "entropy/noise": 0.9529073308031801,
      "entropy/scenario_type": 0.9584114221179828,
      "coverage/intent": 1.0,
      "coverage/difficulty": 1.0,
      "coverage/ambiguity": 1.0,
      "coverage/style": 1.0,
      "coverage/noise": 1.0,
      "coverage/scenario_type": 1.0,
      "mode_seeking_ratio": 0.23043844581990866,
      "text_distance_mean": 0.960131915200603,
      "banned_phrasings_total": 5.0,
      "banned_phrasings_new": 2.0,
      "coverage_classifier_auroc": 1.0
    }
  ],
  "prompt_history": [
    {
      "version": 0,
      "iteration": 0,
      "prompt": "Generate realistic customer support messages that match the requested intent\nand style. The example should be plausible for a customer support channel\n(email, chat, in-app form). Keep it short to medium length. Output a JSON\nobject with the sample id, the text, and the attribute values.\n",
      "motivation": "initial prompt",
      "feedback_summary": {},
      "timestamp": "2026-06-03T04:22:15.571321+00:00"
    },
    {
      "version": 1,
      "iteration": 1,
      "prompt": "\"\"\"Generate realistic customer support messages that match the requested intent and style. The examples should be plausible for a customer support channel (email, chat, in-app form) and vary in complexity and emotional depth. Ensure the messages reflect a formal and structured tone, avoiding casual language. Output a JSON object with the sample id, the text, and the attribute values.\n\n**Preferred phrasings:**\n- (label=general_question) \"Is the pro plan billed monthly or yearly?\"\n- (label=account_issue) \"Two-factor codes never come through; I've been locked out for 2 days now.\"\n- (label=general_question) \"Hi team, quick one - does the API have a rate limit on the search endpoint?\"\n- (label=refund_request) \"I ordered 2 items but only received 1. I would like a refund for the missing item, not a reship.\"\n\n**Forbidden phrasings:**\n- \"I was really looking forward to\"\n\nEnsure the generated messages cover a range of intents, including formal requests for refunds, technical issues, and emotional expressions in complaints. Introduce scenarios that combine multiple issues to enhance complexity and nuance. Aim for a variety of sentence structures to reduce redundancy and improve overall diversity in the generated outputs. Keep the length short to medium, and maintain clarity and professionalism throughout the messages.\"\"\"",
      "motivation": "The batch exhibits a variety of intents and styles, but there is significant redundancy in phrasing and sentence structure, particularly in complaints and technical problems. Many texts follow similar patterns, leading to a lack of nuanced diversity.",
      "feedback_summary": {
        "iteration": 0,
        "n_attribute_failures": 3,
        "n_realism_artifacts": 13,
        "near_duplicate_rate": 0.25,
        "pack_accuracy": null,
        "mode_seeking_ratio": 0.2265085724993514,
        "n_banned_phrasings": 1,
        "missing_modes": [
          "formal requests for refunds or technical issues",
          "emotional expressions in complaints beyond frustration",
          "complex scenarios involving multiple issues"
        ],
        "overrepresented_modes": [
          "concise phrasing in complaints and general questions",
          "fragmented style in technical problems",
          "informal language in general questions"
        ],
        "metrics": {
          "attribute_match_rate": 0.8695652173913043,
          "discriminator_accuracy": 0.7083333333333334,
          "synthetic_detection_rate": 0.75,
          "near_duplicate_rate": 0.25,
          "combination_coverage": 0.8666666666666667,
          "entropy/intent": 0.9964170965457584,
          "entropy/difficulty": 0.9659535505394684,
          "entropy/ambiguity": 0.9876197168461961,
          "entropy/style": 0.9296413565956573,
          "entropy/noise": 0.9718864326999251,
          "entropy/scenario_type": 0.9659535505394684,
          "coverage/intent": 1.0,
          "coverage/difficulty": 1.0,
          "coverage/ambiguity": 1.0,
          "coverage/style": 1.0,
          "coverage/noise": 1.0,
          "coverage/scenario_type": 1.0,
          "mode_seeking_ratio": 0.2265085724993514,
          "text_distance_mean": 0.9577258927421698,
          "banned_phrasings_total": 1.0,
          "banned_phrasings_new": 1.0,
          "coverage_classifier_auroc": 1.0
        }
      },
      "timestamp": "2026-06-03T04:24:07.800484+00:00"
    },
    {
      "version": 2,
      "iteration": 2,