{
  "mode_seeking_ratio": 0.2272100687737242,
  "n_pairs": 120,
  "text_distance_mean": 0.9327905372025815,
  "target_distance_mean": 4.416666666666667,
  "attribute_sensitivity": {
    "difficulty": 0.0,
    "intent": 0.902719740800677,
    "style": 0.0,
    "ambiguity": 0.0,
    "scenario_type": 0.0,
    "noise": 0.0
  }
}