{
  "mode_seeking_ratio": 0.22062043598194753,
  "n_pairs": 120,
  "text_distance_mean": 0.9417948801897266,
  "target_distance_mean": 4.55,
  "attribute_sensitivity": {
    "ambiguity": 0.0,
    "intent": 0.9766551149413761,
    "difficulty": 0.0,
    "scenario_type": 0.0,
    "style": 0.0,
    "noise": 0.0
  }
}