{
  "attribute_match_rate": 0.8260869565217391,
  "discriminator_accuracy": 0.2916666666666667,
  "synthetic_detection_rate": 0.42857142857142855,
  "near_duplicate_rate": 0.35,
  "combination_coverage": 0.8666666666666667,
  "entropy/intent": 0.9909775756786534,
  "entropy/difficulty": 0.9659535505394684,
  "entropy/ambiguity": 0.9876197168461961,
  "entropy/style": 0.9296413565956573,
  "entropy/noise": 0.9718864326999251,
  "entropy/scenario_type": 0.9659535505394684,
  "coverage/intent": 1.0,
  "coverage/difficulty": 1.0,
  "coverage/ambiguity": 1.0,
  "coverage/style": 1.0,
  "coverage/noise": 1.0,
  "coverage/scenario_type": 1.0,
  "mode_seeking_ratio": 0.22498352156672735,
  "text_distance_mean": 0.9552037897116671,
  "banned_phrasings_total": 2.0,
  "banned_phrasings_new": 2.0,
  "coverage_classifier_auroc": 1.0
}