{
  "attribute_match_rate": 0.9523809523809523,
  "discriminator_accuracy": 0.125,
  "synthetic_detection_rate": 0.18181818181818182,
  "near_duplicate_rate": 0.25,
  "combination_coverage": 0.7333333333333333,
  "entropy/intent": 0.997303870639173,
  "entropy/difficulty": 0.8946747982463996,
  "entropy/ambiguity": 0.9937866610055328,
  "entropy/style": 0.8819164114869991,
  "entropy/noise": 0.9529073308031801,
  "entropy/scenario_type": 0.9937866610055328,
  "coverage/intent": 1.0,
  "coverage/difficulty": 1.0,
  "coverage/ambiguity": 1.0,
  "coverage/style": 1.0,
  "coverage/noise": 1.0,
  "coverage/scenario_type": 1.0,
  "mode_seeking_ratio": 0.23207290838458933,
  "text_distance_mean": 0.9609795873387343,
  "banned_phrasings_total": 5.0,
  "banned_phrasings_new": 4.0,
  "coverage_classifier_auroc": 1.0
}