{
  "mode_seeking_ratio": 0.2296718398522861,
  "n_pairs": 231,
  "text_distance_mean": 0.9508726355268126,
  "target_distance_mean": 4.48051948051948,
  "attribute_sensitivity": {
    "noise": 0.0,
    "difficulty": 0.9900706499198765,
    "intent": 0.0,
    "scenario_type": 0.0,
    "style": 0.0,
    "ambiguity": 0.0
  }
}