{
  "attribute_match_rate": 0.9523809523809523,
  "discriminator_accuracy": 0.20833333333333334,
  "synthetic_detection_rate": 0.3125,
  "near_duplicate_rate": 0.25,
  "combination_coverage": 0.8666666666666667,
  "entropy/intent": 0.997303870639173,
  "entropy/difficulty": 0.9424257960378287,
  "entropy/ambiguity": 0.9821410328348751,
  "entropy/style": 0.8559436752365888,
  "entropy/noise": 0.8964089752169341,
  "entropy/scenario_type": 0.980315378922394,
  "coverage/intent": 1.0,
  "coverage/difficulty": 1.0,
  "coverage/ambiguity": 1.0,
  "coverage/style": 0.8333333333333334,
  "coverage/noise": 1.0,
  "coverage/scenario_type": 1.0,
  "pack_accuracy": 0.625,
  "pack_confidence": 0.9,
  "mode_seeking_ratio": 0.22996056456422295,
  "text_distance_mean": 0.953542297775113,
  "banned_phrasings_total": 4.0,
  "banned_phrasings_new": 3.0,
  "coverage_classifier_auroc": 1.0
}