{
  "mode_seeking_ratio": 0.21506472306748195,
  "n_pairs": 120,
  "text_distance_mean": 0.9234145099686669,
  "target_distance_mean": 4.558333333333334,
  "attribute_sensitivity": {
    "ambiguity": 0.0,
    "intent": 0.0,
    "difficulty": 0.0,
    "scenario_type": 0.0,
    "style": 0.0,
    "noise": 0.0
  }
}