{
  "attribute_match_rate": 0.0,
  "discriminator_accuracy": 0.4166666666666667,
  "synthetic_detection_rate": 0.1,
  "near_duplicate_rate": 0.25,
  "combination_coverage": 0.7333333333333333,
  "entropy/intent": 0.9690222556651344,
  "entropy/difficulty": 0.9497012164384108,
  "entropy/ambiguity": 0.8868595071429147,
  "entropy/style": 0.9400664543100068,
  "entropy/noise": 0.7773869210471088,
  "entropy/scenario_type": 0.9320201587042913,
  "coverage/intent": 1.0,
  "coverage/difficulty": 1.0,
  "coverage/ambiguity": 1.0,
  "coverage/style": 1.0,
  "coverage/noise": 0.8,
  "coverage/scenario_type": 1.0
}