{
  "attribute_match_rate": 0.8181818181818182,
  "discriminator_accuracy": 0.4166666666666667,
  "synthetic_detection_rate": 0.5882352941176471,
  "near_duplicate_rate": 0.25,
  "combination_coverage": 0.8,
  "entropy/intent": 0.9961982334892152,
  "entropy/difficulty": 0.9643787017331664,
  "entropy/ambiguity": 0.987029693781109,
  "entropy/style": 0.8567632221000826,
  "entropy/noise": 0.9166222909544273,
  "entropy/scenario_type": 0.9741707427017493,
  "coverage/intent": 1.0,
  "coverage/difficulty": 1.0,
  "coverage/ambiguity": 1.0,
  "coverage/style": 0.8333333333333334,
  "coverage/noise": 1.0,
  "coverage/scenario_type": 1.0,
  "mode_seeking_ratio": 0.23185655478985315,
  "text_distance_mean": 0.9633793965114582,
  "banned_phrasings_total": 3.0,
  "banned_phrasings_new": 0.0,
  "coverage_classifier_auroc": 0.9982954545454545
}