{
  "mode_seeking_ratio": 0.23185655478985315,
  "n_pairs": 231,
  "text_distance_mean": 0.9633793965114582,
  "target_distance_mean": 4.476190476190476,
  "attribute_sensitivity": {
    "ambiguity": 0.0,
    "style": 0.0,
    "noise": 0.0,
    "difficulty": 0.0,
    "scenario_type": 0.9727112100660185,
    "intent": 0.0
  }
}