{
  "run_dir": "E:\\Projects\\PromptForge\\experiments\\task69_no_pack_vs_seed41\\no_pack\\20260603T051008Z",
  "n_iterations": 3,
  "final_prompt_version": 2,
  "metric_history": [
    {
      "iteration": 0.0,
      "attribute_match_rate": 0.9090909090909091,
      "discriminator_accuracy": 1.0,
      "synthetic_detection_rate": 1.0,
      "near_duplicate_rate": 0.25,
      "combination_coverage": 0.8,
      "entropy/intent": 0.9961982334892152,
      "entropy/difficulty": 0.929252365043453,
      "entropy/ambiguity": 0.9981459752167369,
      "entropy/style": 0.9253440398946446,
      "entropy/noise": 0.9346262260259477,
      "entropy/scenario_type": 0.9741707427017493,
      "coverage/intent": 1.0,
      "coverage/difficulty": 1.0,
      "coverage/ambiguity": 1.0,
      "coverage/style": 1.0,
      "coverage/noise": 1.0,
      "coverage/scenario_type": 1.0,
      "mode_seeking_ratio": 0.2296718398522861,
      "text_distance_mean": 0.9508726355268126,
      "banned_phrasings_total": 3.0,
      "banned_phrasings_new": 3.0,
      "coverage_classifier_auroc": 1.0
    },
    {
      "iteration": 1.0,
      "attribute_match_rate": 0.8260869565217391,
      "discriminator_accuracy": 0.125,
      "synthetic_detection_rate": 0.2727272727272727,
      "near_duplicate_rate": 0.25,
      "combination_coverage": 0.8,
      "entropy/intent": 0.9909775756786534,
      "entropy/difficulty": 0.9703599343920261,
      "entropy/ambiguity": 0.9982526816976661,
      "entropy/style": 0.9849269366259108,
      "entropy/noise": 0.9627069364469679,
      "entropy/scenario_type": 0.9782534167892908,
      "coverage/intent": 1.0,
      "coverage/difficulty": 1.0,
      "coverage/ambiguity": 1.0,
      "coverage/style": 1.0,
      "coverage/noise": 1.0,
      "coverage/scenario_type": 1.0,
      "mode_seeking_ratio": 0.22398061710227787,
      "text_distance_mean": 0.9594491760717636,
      "banned_phrasings_total": 4.0,
      "banned_phrasings_new": 1.0,
      "coverage_classifier_auroc": 1.0
    },
    {
      "iteration": 2.0,
      "attribute_match_rate": 0.8695652173913043,
      "discriminator_accuracy": 0.5416666666666666,
      "synthetic_detection_rate": 0.5,
      "near_duplicate_rate": 0.25,
      "combination_coverage": 0.6666666666666666,
      "entropy/intent": 0.9909775756786534,
      "entropy/difficulty": 0.9932927654933185,
      "entropy/ambiguity": 0.9659535505394684,
      "entropy/style": 0.9299106806775858,
      "entropy/noise": 0.9126402542974825,
      "entropy/scenario_type": 0.9876197168461961,
      "coverage/intent": 1.0,
      "coverage/difficulty": 1.0,
      "coverage/ambiguity": 1.0,
      "coverage/style": 1.0,
      "coverage/noise": 1.0,
      "coverage/scenario_type": 1.0,
      "mode_seeking_ratio": 0.22854494218071092,
      "text_distance_mean": 0.9574387346557641,
      "banned_phrasings_total": 5.0,
      "banned_phrasings_new": 1.0,
      "coverage_classifier_auroc": 1.0
    }
  ],
  "prompt_history": [
    {
      "version": 0,
      "iteration": 0,
      "prompt": "Generate realistic customer support messages that match the requested intent\nand style. The example should be plausible for a customer support channel\n(email, chat, in-app form). Keep it short to medium length. Output a JSON\nobject with the sample id, the text, and the attribute values.\n",
      "motivation": "initial prompt",
      "feedback_summary": {},
      "timestamp": "2026-06-03T05:10:08.786746+00:00"
    },
    {
      "version": 1,
      "iteration": 1,
      "prompt": "\"\"\"Generate realistic customer support messages that match the requested intent and style. The example should be plausible for a customer support channel (email, chat, in-app form). Keep it short to medium length. Output a JSON object with the sample id, the text, and the attribute values.\n\n**Forbidden phrasings:**\n- 'Hey, so'\n- \"I'm really frustrated!\"\n- 'I thought I'\n\n**Preferred phrasings:**\n- \"Hi team, quick one - does the API have a rate limit on the search endpoint?\"\n- \"Is the pro plan billed monthly or yearly?\"\n- \"Got the wrong size, want my money back not a store credit thanks.\"\n- \"When I click checkout nothing happens, just a spinner forever. I'm on Safari 17.\"\n\nEnsure that the messages reflect a range of intents, including formal complaints, technical issues with specific details, and general inquiries about service features. Aim for a structured and professional tone, avoiding overly casual or emotional expressions. Incorporate varied sentence structures and vocabulary to enhance diversity in phrasing and emotional expression. The messages should clearly convey the intended difficulty level and minimize ambiguity. Focus on generating unique combinations of intents and styles to enrich the dataset and reflect real-world customer interactions more accurately.\"\"\"",
      "motivation": "The batch exhibits a variety of intents and styles, but there is significant redundancy in phrasing and emotional expression, particularly in complaints and technical problems. Many samples use similar constructions, leading to a lack of nuanced diversity.",
      "feedback_summary": {
        "iteration": 0,
        "n_attribute_failures": 2,
        "n_realism_artifacts": 11,
        "near_duplicate_rate": 0.25,
        "pack_accuracy": null,
        "mode_seeking_ratio": 0.2296718398522861,
        "n_banned_phrasings": 3,
        "missing_modes": [
          "A more formal complaint structure that includes specific details about the issue.",
          "Technical problems described with more technical vocabulary or specificity.",
          "General questions that explore different aspects of service or product features."
        ],
        "overrepresented_modes": [
          "Informal emotional expressions in complaints and technical problems.",
          "Fragmented style used in multiple account issues and refund requests."
        ],
        "metrics": {
          "attribute_match_rate": 0.9090909090909091,
          "discriminator_accuracy": 1.0,
          "synthetic_detection_rate": 1.0,
          "near_duplicate_rate": 0.25,
          "combination_coverage": 0.8,
          "entropy/intent": 0.9961982334892152,
          "entropy/difficulty": 0.929252365043453,
          "entropy/ambiguity": 0.9981459752167369,
          "entropy/style": 0.9253440398946446,
          "entropy/noise": 0.9346262260259477,
          "entropy/scenario_type": 0.9741707427017493,
          "coverage/intent": 1.0,
          "coverage/difficulty": 1.0,
          "coverage/ambiguity": 1.0,
          "coverage/style": 1.0,
          "coverage/noise": 1.0,
          "coverage/scenario_type": 1.0,
          "mode_seeking_ratio": 0.2296718398522861,
          "text_distance_mean": 0.9508726355268126,
          "banned_phrasings_total": 3.0,
          "banned_phrasings_new": 3.0,
          "coverage_classifier_auroc": 1.0
        }
      },
      "timestamp": "2026-06-03T05:12:04.689340+00:00"
    },
    {
      "version": 2,
      "iteration": 2,