condition,aug_tfidf_f1_mean,aug_tfidf_f1_sd,aug_st_f1_mean,aug_st_f1_sd,n_seeds
naive,0.5495238095238095,0.06169194186933963,0.8826666666666666,0.09540556703999105,5
few_shot,0.5881904761904762,0.10371905188226513,0.8933333333333333,0.0,5
self_critique,0.5346666666666666,0.10928047502743672,0.8506666666666667,0.11562391140628696,5
realism_only,0.46476190476190476,0.10401029078686955,0.9253333333333333,0.11684747893443546,5
diversity_only,0.46876190476190477,0.06939453081496753,0.904,0.10930080817023574,5
full_classic,0.5321904761904761,0.03817491667362942,0.872,0.1338656042454521,5
full_attrforge,0.5327619047619048,0.09068547223940251,0.8933333333333333,0.07542472332656508,5
