condition,distinct_1_mean,distinct_1_sd,distinct_2_mean,distinct_2_sd,distinct_3_mean,distinct_3_sd,self_bleu4_mean,self_bleu4_sd,n_seeds
naive,0.5294866288226089,0.014205319891115656,0.8952622480490158,0.01574690669319036,0.9733776796914052,0.008899570943790059,0.14193336630136424,0.0189553892351858,5
few_shot,0.5201172757671921,0.015077551221211459,0.901527501685896,0.012316657695432888,0.9722094976498749,0.01020799660819354,0.13888227012185564,0.016704103515970622,5
self_critique,0.3702137942393119,0.023226685559196988,0.787444570847227,0.026031083612120778,0.9270460819456205,0.012290866471369915,0.2192623859707834,0.016966661644827647,5
realism_only,0.3734351903414235,0.02515920618335746,0.7934578977457818,0.02576774133400382,0.9390981927783991,0.014571795722325424,0.20660551813352787,0.023247152077914786,5
diversity_only,0.36982544383148197,0.01593451576838238,0.7849130873238971,0.015455746529498852,0.9266329846586414,0.01095264886273066,0.22617633290134723,0.022439015132819512,5
full_classic,0.3687678603629358,0.012685722581410397,0.7948772284076753,0.009550903411850156,0.936103422919874,0.0056651542134942695,0.20687211214063894,0.010354248124273541,5
full_attrforge,0.38213230264845555,0.024207570289708505,0.8110932022414971,0.023784494110090027,0.9421832375527871,0.011566383644737678,0.20413333449045182,0.019415520052818377,5
