{
  "solo": {
    "self_critique": {
      "macros": [
        1.0,
        1.0,
        0.8933333333333333,
        0.8933333333333333,
        1.0,
        0.7333333333333333,
        0.8933333333333333,
        0.7333333333333333,
        0.8933333333333333,
        1.0
      ],
      "worsts": [
        1.0,
        1.0,
        0.6666666666666666,
        0.6666666666666666,
        1.0,
        0.0,
        0.6666666666666666,
        0.0,
        0.6666666666666666,
        1.0
      ]
    },
    "realism_only": {
      "macros": [
        1.0,
        0.8933333333333333,
        0.8933333333333333,
        0.7999999999999999,
        0.8933333333333333,
        1.0,
        1.0,
        0.7333333333333333,
        1.0,
        0.8933333333333333
      ],
      "worsts": [
        1.0,
        0.6666666666666666,
        0.6666666666666666,
        0.6666666666666666,
        0.6666666666666666,
        1.0,
        1.0,
        0.0,
        1.0,
        0.6666666666666666
      ]
    },
    "diversity_only": {
      "macros": [
        0.8933333333333333,
        0.7333333333333333,
        1.0,
        0.8933333333333333,
        1.0,
        0.8933333333333333,
        1.0,
        0.8933333333333333,
        0.7333333333333333,
        1.0
      ],
      "worsts": [
        0.6666666666666666,
        0.0,
        1.0,
        0.6666666666666666,
        1.0,
        0.6666666666666666,
        1.0,
        0.6666666666666666,
        0.0,
        1.0
      ]
    },
    "full_classic": {
      "macros": [
        0.8933333333333333,
        0.8933333333333333,
        0.8933333333333333,
        0.8933333333333333,
        0.7999999999999999,
        0.7333333333333333,
        1.0,
        0.8933333333333333,
        0.7333333333333333,
        1.0
      ],
      "worsts": [
        0.6666666666666666,
        0.6666666666666666,
        0.6666666666666666,
        0.6666666666666666,
        0.6666666666666666,
        0.0,
        1.0,
        0.6666666666666666,
        0.0,
        1.0
      ]
    },
    "full_attrforge": {
      "macros": [
        0.8933333333333333,
        0.7333333333333333,
        0.8933333333333333,
        0.7333333333333333,
        1.0,
        0.8933333333333333,
        0.8933333333333333,
        0.7866666666666666,
        0.8933333333333333,
        1.0
      ],
      "worsts": [
        0.6666666666666666,
        0.0,
        0.6666666666666666,
        0.0,
        1.0,
        0.6666666666666666,
        0.6666666666666666,
        0.6666666666666666,
        0.6666666666666666,
        1.0
      ]
    }
  },
  "pairs": [
    {
      "a": "self_critique",
      "b": "diversity_only",
      "macros": [
        0.8933333333333333,
        1.0,
        1.0,
        0.8933333333333333,
        1.0,
        0.8933333333333333,
        1.0,
        0.8933333333333333,
        0.8933333333333333,
        1.0
      ],
      "worsts": [
        0.6666666666666666,
        1.0,
        1.0,
        0.6666666666666666,
        1.0,
        0.6666666666666666,
        1.0,
        0.6666666666666666,
        0.6666666666666666,
        1.0
      ]
    },
    {
      "a": "self_critique",
      "b": "full_attrforge",
      "macros": [
        0.8933333333333333,
        1.0,
        1.0,
        0.8933333333333333,
        1.0,
        0.8933333333333333,
        0.8933333333333333,
        0.8933333333333333,
        1.0,
        1.0
      ],
      "worsts": [
        0.6666666666666666,
        1.0,
        1.0,
        0.6666666666666666,
        1.0,
        0.6666666666666666,
        0.6666666666666666,
        0.6666666666666666,
        1.0,
        1.0
      ]
    },
    {
      "a": "self_critique",
      "b": "realism_only",
      "macros": [
        1.0,
        0.8933333333333333,
        0.8933333333333333,
        0.8933333333333333,
        1.0,
        0.8933333333333333,
        1.0,
        0.7333333333333333,
        1.0,
        1.0
      ],
      "worsts": [
        1.0,
        0.6666666666666666,
        0.6666666666666666,
        0.6666666666666666,
        1.0,
        0.6666666666666666,
        1.0,
        0.0,
        1.0,
        1.0
      ]
    },
    {
      "a": "self_critique",
      "b": "full_classic",
      "macros": [
        0.8933333333333333,
        1.0,
        0.8933333333333333,
        1.0,
        1.0,
        0.7333333333333333,
        1.0,
        0.8933333333333333,
        0.8933333333333333,
        1.0
      ],
      "worsts": [
        0.6666666666666666,
        1.0,
        0.6666666666666666,
        1.0,
        1.0,
        0.0,
        1.0,
        0.6666666666666666,
        0.6666666666666666,
        1.0
      ]
    },
    {
      "a": "realism_only",
      "b": "diversity_only",
      "macros": [
        0.8933333333333333,
        0.8933333333333333,
        1.0,
        0.7333333333333333,
        1.0,
        0.8933333333333333,
        1.0,
        0.8933333333333333,
        1.0,
        1.0
      ],
      "worsts": [
        0.6666666666666666,
        0.6666666666666666,
        1.0,
        0.0,
        1.0,
        0.6666666666666666,
        1.0,
        0.6666666666666666,
        1.0,
        1.0
      ]
    },
    {
      "a": "diversity_only",
      "b": "full_classic",
      "macros": [
        0.8933333333333333,
        0.8933333333333333,
        1.0,
        0.8933333333333333,
        0.8933333333333333,
        0.8933333333333333,
        1.0,
        0.8933333333333333,
        0.7333333333333333,
        1.0
      ],
      "worsts": [
        0.6666666666666666,
        0.6666666666666666,
        1.0,
        0.6666666666666666,
        0.6666666666666666,
        0.6666666666666666,
        1.0,
        0.6666666666666666,
        0.0,
        1.0
      ]
    },
    {
      "a": "diversity_only",
      "b": "full_attrforge",
      "macros": [
        0.8933333333333333,
        0.7333333333333333,
        1.0,
        0.8933333333333333,
        1.0,
        0.8933333333333333,
        0.8933333333333333,
        0.8933333333333333,
        0.8933333333333333,
        1.0
      ],
      "worsts": [
        0.6666666666666666,
        0.0,
        1.0,
        0.6666666666666666,
        1.0,
        0.6666666666666666,
        0.6666666666666666,
        0.6666666666666666,
        0.6666666666666666,
        1.0
      ]
    },
    {
      "a": "full_classic",
      "b": "full_attrforge",
      "macros": [
        0.8933333333333333,
        0.8933333333333333,
        1.0,
        0.7333333333333333,
        1.0,
        0.8933333333333333,
        0.8933333333333333,
        0.8933333333333333,
        0.8933333333333333,
        1.0
      ],
      "worsts": [
        0.6666666666666666,
        0.6666666666666666,
        1.0,
        0.0,
        1.0,
        0.6666666666666666,
        0.6666666666666666,
        0.6666666666666666,
        0.6666666666666666,
        1.0
      ]
    },
    {
      "a": "realism_only",
      "b": "full_classic",
      "macros": [
        0.8933333333333333,
        0.8933333333333333,
        0.8933333333333333,
        0.8933333333333333,
        0.8933333333333333,
        0.8933333333333333,
        1.0,
        0.8933333333333333,
        0.8933333333333333,
        0.8933333333333333
      ],
      "worsts": [
        0.6666666666666666,
        0.6666666666666666,
        0.6666666666666666,
        0.6666666666666666,
        0.6666666666666666,
        0.6666666666666666,
        1.0,
        0.6666666666666666,
        0.6666666666666666,
        0.6666666666666666
      ]
    },
    {
      "a": "realism_only",
      "b": "full_attrforge",
      "macros": [
        0.8933333333333333,
        0.8933333333333333,
        1.0,
        0.7333333333333333,
        0.8933333333333333,
        0.8933333333333333,
        0.8933333333333333,
        0.7999999999999999,
        1.0,
        1.0
      ],