{
  "feature_spaces": [
    "tfidf_word",
    "tfidf_char",
    "st"
  ],
  "mmd": {
    "naive": {
      "tfidf_word": [
        0.004447064310249882,
        0.0097016405439867,
        0.008983523052347508,
        0.007465369380173059,
        0.006821188573243764
      ],
      "tfidf_char": [
        0.004845096020290263,
        0.017548437807236472,
        0.014255175215611371,
        0.011041878315351972,
        0.013394460748477499
      ],
      "st": [
        0.003248046803732807,
        0.04301083715043974,
        0.014777837151614737,
        0.02371228298824657,
        0.02035440511072284
      ]
    },
    "few_shot": {
      "tfidf_word": [
        0.0043973177459963875,
        0.006455281312490846,
        0.008820441175152016,
        0.006759593952204157,
        0.008097649843271548
      ],
      "tfidf_char": [
        0.005102026040971985,
        0.009484375808940237,
        0.013274321629664354,
        0.013036317707061817,
        0.010441669083922744
      ],
      "st": [
        0.001870445481319205,
        0.01167965136387783,
        0.007203377948546863,
        0.021287302283452436,
        0.022247707659287297
      ]
    },
    "self_critique": {
      "tfidf_word": [
        0.006144713240667676,
        0.009231822364441089,
        0.007380965789158367,
        0.006555321681841142,
        0.0075007021087665215
      ],
      "tfidf_char": [
        0.009774173095527194,
        0.016381793478094875,
        0.012795915838008542,
        0.009188334895520733,
        0.01306637979285763
      ],
      "st": [
        0.013481926390224608,
        0.01826905614806451,
        0.020161853960978027,
        0.014755769842648259,
        0.013966024966208357
      ]
    },
    "realism_only": {
      "tfidf_word": [
        0.004675978473225539,
        0.005825637229229685,
        0.011425157202386238,
        0.0065797254204554845,
        0.007481649266241619
      ],
      "tfidf_char": [
        0.0077956947697667145,
        0.010675237677944538,
        0.02025093341313622,
        0.011428396406119257,
        0.013531309197797992
      ],
      "st": [
        0.013148064899326295,
        0.006119636333985601,
        0.03363386706546223,
        0.011941363512208092,
        0.01177752297023471
      ]
    },
    "diversity_only": {
      "tfidf_word": [
        0.00609583738037256,
        0.006392765182212878,
        0.007468451167720325,
        0.006984336386039347,
        0.008985200637550927
      ],
      "tfidf_char": [
        0.00974784187752209,
        0.011111258887381292,
        0.013191232275343578,
        0.010541897629793406,
        0.01432478389434455
      ],
      "st": [
        0.014021165044345696,
        0.019809931462883124,
        0.019594525976632804,
        0.009193832605513319,
        0.01924802948105364
      ]
    },
    "full_classic": {
      "tfidf_word": [
        0.005700202502732288,
        0.008555229502964723,
        0.00827408047764322,
        0.007205229172485894,
        0.007188010795286082
      ],
      "tfidf_char": [
        0.009710856416332514,
        0.015700243933271074,
        0.013856181983473603,
        0.011841276828439051,
        0.01213948025949263
      ],
      "st": [
        0.01228996941001903,
        0.015556020352965105,
        0.015290716224830914,
        0.009838500231548974,
        0.019901965286826973
      ]
    },
    "full_attrforge": {
      "tfidf_word": [
        0.004765860641423925,
        0.004973935643500571,
        0.007636288899996679,
        0.0064321964652930275,
        0.009240643604256027
      ],
      "tfidf_char": [
        0.007128580594415124,
        0.008729829850149584,
        0.01365430514126742,
        0.009435371960664352,
        0.01479472737368659
      ],
      "st": [
        0.005848469994856553,
        0.013756703383682845,
        0.029970685397456953,
        0.013725751331032154,
        0.01778402889880526
      ]
    }
  }
}