{
  "feature_spaces": [
    "tfidf_word",
    "tfidf_char",
    "st"
  ],
  "mmd": {
    "naive": {
      "tfidf_word": [
        0.007905005472556792,
        0.013407874542970877,
        0.008485594496857818,
        0.008335719768749694,
        0.008136550662011466,
        0.004447064310249882,
        0.0097016405439867,
        0.008983523052347508,
        0.007465369380173059,
        0.006821188573243764
      ],
      "tfidf_char": [
        0.012188440526365696,
        0.01716830660872659,
        0.010962855355742707,
        0.011160243593092978,
        0.016095857671077907,
        0.004845096020290263,
        0.017548437807236472,
        0.014255175215611371,
        0.011041878315351972,
        0.013394460748477499
      ],
      "st": [
        0.0008836403364915757,
        0.016824762751741162,
        0.014643937252525663,
        0.024770029510497893,
        0.027444355440863877,
        0.003248046803732807,
        0.04301083715043974,
        0.014777837151614737,
        0.02371228298824657,
        0.02035440511072284
      ]
    },
    "few_shot": {
      "tfidf_word": [
        0.008779486408079129,
        0.010220606649747888,
        0.013803145248559634,
        0.010738225276221258,
        0.01070894162263547,
        0.0043973177459963875,
        0.006455281312490846,
        0.008820441175152016,
        0.006759593952204157,
        0.008097649843271548
      ],
      "tfidf_char": [
        0.013913513610653738,
        0.01870322941829239,
        0.01602363525742989,
        0.015617837496255893,
        0.019361892283898174,
        0.005102026040971985,
        0.009484375808940237,
        0.013274321629664354,
        0.013036317707061817,
        0.010441669083922744
      ],
      "st": [
        0.018785380974608468,
        0.03701809491412866,
        0.024746504649984513,
        0.030906838608696585,
        0.021871829391482023,
        0.001870445481319205,
        0.01167965136387783,
        0.007203377948546863,
        0.021287302283452436,
        0.022247707659287297
      ]
    },
    "self_critique": {
      "tfidf_word": [
        0.009297892611010883,
        0.01063030272539689,
        0.012255031390796423,
        0.009500820613342453,
        0.007193234281109184,
        0.006144713240667676,
        0.009231822364441089,
        0.007380965789158367,
        0.006555321681841142,
        0.0075007021087665215
      ],
      "tfidf_char": [
        0.01716798672980302,
        0.01819279739765156,
        0.019419317066512676,
        0.01574728316143026,
        0.01211925689911686,
        0.009774173095527194,
        0.016381793478094875,
        0.012795915838008542,
        0.009188334895520733,
        0.01306637979285763
      ],
      "st": [
        0.020096074207778036,
        0.03480916155499414,
        0.04190186909827531,
        0.027950580660507818,
        0.0288421004177305,
        0.013481926390224608,
        0.01826905614806451,
        0.020161853960978027,
        0.014755769842648259,
        0.013966024966208357
      ]
    },
    "realism_only": {
      "tfidf_word": [
        0.010425207883135723,
        0.012020441221984202,
        0.012712565804920972,
        0.011457506860892197,
        0.009632706835920546,
        0.004675978473225539,
        0.005825637229229685,
        0.011425157202386238,
        0.0065797254204554845,
        0.007481649266241619
      ],
      "tfidf_char": [
        0.015606794108371624,
        0.017527819004623968,
        0.020442300564888827,
        0.01863118417607057,
        0.01497533376625082,
        0.0077956947697667145,
        0.010675237677944538,
        0.02025093341313622,
        0.011428396406119257,
        0.013531309197797992
      ],
      "st": [
        0.017117175594044465,
        0.03106077827420206,
        0.04394321946197077,
        0.032863312897849606,
        0.027739456694475306,
        0.013148064899326295,
        0.006119636333985601,
        0.03363386706546223,
        0.011941363512208092,
        0.01177752297023471
      ]
    },
    "diversity_only": {
      "tfidf_word": [
        0.007972982750666935,
        0.011895655908092717,
        0.010371441578041152,
        0.010858097682075463,
        0.008955423388053774,
        0.00609583738037256,
        0.006392765182212878,
        0.007468451167720325,
        0.006984336386039347,
        0.008985200637550927
      ],
      "tfidf_char": [
        0.013040964026214463,
        0.020901296549603376,
        0.016175032393067612,
        0.017619147431397142,
        0.013416134917295652,
        0.00974784187752209,
        0.011111258887381292,
        0.013191232275343578,
        0.010541897629793406,
        0.01432478389434455
      ],
      "st": [
        0.014000018226054123,
        0.03720851323253738,
        0.0436427588565822,
        0.03928966352031038,
        0.0254458391718696,
        0.014021165044345696,
        0.019809931462883124,
        0.019594525976632804,
        0.009193832605513319,
        0.01924802948105364
      ]
    },
    "full_classic": {
      "tfidf_word": [
        0.010551614137944254,
        0.011284327636118197,
        0.013683987970963818,
        0.0052336980197487115,
        0.0091296575159856,
        0.005700202502732288,
        0.008555229502964723,
        0.00827408047764322,
        0.007205229172485894,
        0.007188010795286082
      ],
      "tfidf_char": [
        0.0180499237272147,
        0.020574252087993683,
        0.022779542561840227,
        0.009243847971263652,
        0.016891327378448118,
        0.009710856416332514,
        0.015700243933271074,
        0.013856181983473603,
        0.011841276828439051,
        0.01213948025949263
      ],
      "st": [
        0.02721286339210316,
        0.03413285410459421,
        0.04378924934494155,
        0.010005827220519459,
        0.025232020079380857,
        0.01228996941001903,
        0.015556020352965105,
        0.015290716224830914,
        0.009838500231548974,
        0.019901965286826973
      ]
    },
    "full_attrforge": {
      "tfidf_word": [
        0.011051478101474,
        0.01145371686769614,
        0.007559034157160749,
        0.006037603698954452,
        0.0075206953551889555,
        0.004765860641423925,
        0.004973935643500571,
        0.007636288899996679,
        0.0064321964652930275,
        0.009240643604256027
      ],
      "tfidf_char": [
        0.018112235690587175,
        0.019245667106785214,
        0.012466482038157922,
        0.009182497037574233,
        0.011872156740372342,
        0.007128580594415124,
        0.008729829850149584,
        0.01365430514126742,
        0.009435371960664352,
        0.01479472737368659
      ],
      "st": [
        0.03142607918822782,
        0.03222857096503806,
        0.023762303256688044,
        0.014008375400395234,
        0.026122152661377296,
        0.005848469994856553,
        0.013756703383682845,
        0.029970685397456953,
        0.013725751331032154,
        0.01778402889880526
      ]
    }
  }
}