{
  "sizes": [
    5,
    10,
    20,
    30
  ],
  "real_only_st": {
    "5": [
      0.7866666666666665,
      0.6333333333333333,
      0.5999999999999999,
      0.7933333333333332,
      0.7,
      0.5666666666666667,
      0.5476190476190477,
      0.3555555555555555,
      0.5476190476190477,
      0.7866666666666665
    ],
    "10": [
      0.8933333333333333,
      0.8933333333333333,
      0.7866666666666665,
      0.8933333333333333,
      0.7142857142857142,
      0.6333333333333333,
      0.7866666666666666,
      0.6933333333333332,
      0.7333333333333333,
      0.8933333333333333
    ],
    "20": [
      0.8933333333333333,
      1.0,
      0.8933333333333333,
      0.8933333333333333,
      1.0,
      0.7866666666666666,
      1.0,
      0.8933333333333333,
      0.8933333333333333,
      0.8933333333333333
    ],
    "30": [
      0.8933333333333333,
      0.8933333333333333,
      0.8933333333333333,
      0.8933333333333333,
      0.8933333333333333,
      0.8933333333333333,
      0.8933333333333333,
      0.8933333333333333,
      0.8933333333333333,
      0.8933333333333333
    ]
  },
  "augmented_st": {
    "naive": {
      "5": [
        0.8933333333333333,
        0.7999999999999999,
        0.8933333333333333,
        0.6476190476190476,
        0.6799999999999999,
        0.8933333333333333,
        0.5142857142857143,
        0.5466666666666666,
        0.47428571428571437,
        0.7133333333333333
      ],
      "10": [
        0.8933333333333333,
        1.0,
        1.0,
        0.6476190476190476,
        0.6599999999999999,
        0.8933333333333333,
        0.5142857142857143,
        0.6266666666666667,
        0.72,
        0.8933333333333333
      ],
      "20": [
        0.8933333333333333,
        1.0,
        0.8933333333333333,
        0.8933333333333333,
        0.8933333333333333,
        0.8933333333333333,
        0.7333333333333333,
        0.8933333333333333,
        0.72,
        0.8933333333333333
      ],
      "30": [
        0.8933333333333333,
        0.8933333333333333,
        0.8933333333333333,
        0.8933333333333333,
        0.8933333333333333,
        1.0,
        0.7333333333333333,
        0.8933333333333333,
        0.8933333333333333,
        0.8933333333333333
      ]
    },
    "few_shot": {
      "5": [
        0.8933333333333333,
        0.7866666666666667,
        0.6476190476190476,
        0.6476190476190476,
        0.7333333333333333,
        0.72,
        0.5266666666666666,
        0.6266666666666667,
        0.7333333333333333,
        0.7333333333333333
      ],
      "10": [
        0.8933333333333333,
        1.0,
        0.8933333333333333,
        0.7933333333333332,
        0.8933333333333333,
        0.8933333333333333,
        0.6266666666666667,
        0.6266666666666667,
        0.7333333333333333,
        0.72
      ],
      "20": [
        0.8933333333333333,
        1.0,
        0.7333333333333333,
        0.8933333333333333,
        0.8933333333333333,
        0.8933333333333333,
        1.0,
        0.8933333333333333,
        0.8933333333333333,
        0.8933333333333333
      ],
      "30": [
        1.0,
        1.0,
        0.7333333333333333,
        1.0,
        0.8933333333333333,
        0.8933333333333333,
        0.8933333333333333,
        0.8933333333333333,
        0.8933333333333333,
        0.8933333333333333
      ]
    },
    "self_critique": {
      "5": [
        0.5,
        1.0,
        0.6476190476190476,
        0.6476190476190476,
        0.7999999999999999,
        0.5,
        0.7333333333333333,
        0.7333333333333333,
        0.7999999999999999,
        0.6266666666666666
      ],
      "10": [
        0.7999999999999999,
        0.8933333333333333,
        0.7999999999999999,
        0.6476190476190476,
        1.0,
        0.5,
        0.8933333333333333,
        0.7333333333333333,
        0.7999999999999999,
        0.8933333333333333
      ],
      "20": [
        0.7999999999999999,
        1.0,
        1.0,
        0.7333333333333333,
        1.0,
        0.4742857142857143,
        0.8933333333333333,
        0.7333333333333333,
        0.7999999999999999,
        1.0
      ],
      "30": [
        1.0,
        1.0,
        0.8933333333333333,
        0.8933333333333333,
        1.0,
        0.7333333333333333,
        0.8933333333333333,
        0.7333333333333333,
        0.8933333333333333,
        1.0
      ]
    },
    "realism_only": {
      "5": [
        0.7333333333333333,
        0.7933333333333333,
        0.7999999999999999,
        0.5142857142857143,
        0.7999999999999999,
        0.6476190476190476,
        0.8933333333333333,
        0.5142857142857143,
        1.0,
        0.7133333333333333
      ],
      "10": [
        0.8933333333333333,
        0.7999999999999999,
        0.8933333333333333,
        0.5,
        0.8933333333333333,
        0.7333333333333333,
        0.72,
        0.5142857142857143,
        1.0,
        0.8933333333333333
      ],
      "20": [
        0.8933333333333333,
        0.8933333333333333,
        1.0,
        0.6333333333333333,
        0.8933333333333333,
        0.8933333333333333,
        1.0,
        0.7333333333333333,
        1.0,
        0.8933333333333333
      ],
      "30": [
        1.0,
        0.8933333333333333,
        0.8933333333333333,
        0.7999999999999999,
        0.8933333333333333,
        1.0,
        1.0,
        0.7333333333333333,
        1.0,
        0.8933333333333333
      ]
    },
    "diversity_only": {
      "5": [
        0.8933333333333333,
        0.6476190476190476,
        0.8933333333333333,
        0.8933333333333333,
        0.6476190476190476,
        0.5,
        0.6333333333333333,
        0.8933333333333333,
        0.72,
        0.7999999999999999
      ],
      "10": [
        0.8933333333333333,
        0.6476190476190476,
        0.8933333333333333,
        0.8933333333333333,
        0.6476190476190476,
        0.5,
        0.64,
        0.8933333333333333,
        0.72,
        0.8933333333333333
      ],
      "20": [
        0.8933333333333333,
        0.7999999999999999,
        0.8933333333333333,
        0.8933333333333333,
        0.8933333333333333,
        0.7999999999999999,
        0.8933333333333333,
        0.8933333333333333,
        0.7333333333333333,
        1.0
      ],
      "30": [
        0.8933333333333333,
        0.7333333333333333,
        1.0,
        0.8933333333333333,
        1.0,
        0.8933333333333333,
        1.0,
        0.8933333333333333,
        0.7333333333333333,
        1.0
      ]
    },
    "full_classic": {
      "5": [
        0.7333333333333333,
        0.7333333333333333,
        0.6476190476190476,
        0.7333333333333333,
        0.7999999999999999,
        0.7333333333333333,
        0.7866666666666667,
        0.8933333333333333,
        0.7333333333333333,
        0.7999999999999999
      ],
      "10": [
        0.7333333333333333,
        0.7333333333333333,
        0.7999999999999999,
        0.7333333333333333,
        0.7999999999999999,
        0.7333333333333333,
        1.0,
        0.8933333333333333,
        0.7333333333333333,
        0.8933333333333333
      ],
      "20": [
        0.7333333333333333,
        0.8933333333333333,
        0.8933333333333333,
        0.8933333333333333,
        0.7999999999999999,
        0.7333333333333333,
        1.0,
        0.8933333333333333,
        0.7333333333333333,
        1.0
      ],
      "30": [
        0.8933333333333333,
        0.8933333333333333,
        0.8933333333333333,
        0.8933333333333333,
        0.7999999999999999,
        0.7333333333333333,
        1.0,
        0.8933333333333333,
        0.7333333333333333,
        1.0
      ]
    },