{
  "base": "main_run_002",
  "n_seeds": 5,
  "null_pack_accuracy_real_vs_real": 0.546875,
  "real_mode_seeking_ratio": 0.9842385717359434,
  "rows": [
    {
      "condition": "naive",
      "n_seeds": 5,
      "acc_mean": 0.44,
      "acc_sd": 0.11401754250991379,
      "macro_f1_mean": 0.3702222222222222,
      "macro_f1_sd": 0.11550853744300557,
      "attr_match_mean": 0.0,
      "attr_match_sd": 0.0,
      "disc_acc_mean": 0.5,
      "disc_acc_sd": 0.0,
      "near_dup_mean": 0.0,
      "near_dup_sd": 0.0,
      "combo_cov_mean": 0.6266666666666666,
      "combo_cov_sd": 0.07601169500660918,
      "pack_audit_mean": 0.46875,
      "pack_audit_sd": 0.16535945694153692,
      "pack_above_null_mean": -0.078125,
      "pack_above_null_sd": 0.10673907047874581,
      "ms_audit_mean": 0.2311714955516727,
      "ms_audit_sd": 0.00917400795870581,
      "ms_rel_real_mean": 0.23487343637015334,
      "ms_rel_real_sd": 0.00932091895415684,
      "auroc_mean": 1.0,
      "auroc_sd": 0.0,
      "hunter_new_mean": 3.75,
      "hunter_new_sd": 0.5
    },
    {
      "condition": "few_shot",
      "n_seeds": 5,
      "acc_mean": 0.5599999999999999,
      "acc_sd": 0.13416407864998736,
      "macro_f1_mean": 0.48977777777777776,
      "macro_f1_sd": 0.15502767574505394,
      "attr_match_mean": 0.0,
      "attr_match_sd": 0.0,
      "disc_acc_mean": 0.5,
      "disc_acc_sd": 0.0,
      "near_dup_mean": 0.0,
      "near_dup_sd": 0.0,
      "combo_cov_mean": 0.6266666666666666,
      "combo_cov_sd": 0.07601169500660918,
      "pack_audit_mean": 0.34375,
      "pack_audit_sd": 0.08068715304598785,
      "pack_above_null_mean": -0.203125,
      "pack_above_null_sd": 0.05983919423477113,
      "ms_audit_mean": 0.23142426026300392,
      "ms_audit_sd": 0.009558191898855982,
      "ms_rel_real_mean": 0.23513024881236985,
      "ms_rel_real_sd": 0.009711255150260768,
      "auroc_mean": 1.0,
      "auroc_sd": 0.0,
      "hunter_new_mean": 4,
      "hunter_new_sd": 0.0
    },
    {
      "condition": "self_critique",
      "n_seeds": 5,
      "acc_mean": 0.54,
      "acc_sd": 0.13416407864998736,
      "macro_f1_mean": 0.48380952380952386,
      "macro_f1_sd": 0.12491992900306789,
      "attr_match_mean": 0.0,
      "attr_match_sd": 0.0,
      "disc_acc_mean": 0.5,
      "disc_acc_sd": 0.0,
      "near_dup_mean": 0.15,
      "near_dup_sd": 0.0,
      "combo_cov_mean": 0.6533333333333333,
      "combo_cov_sd": 0.10954451150103324,
      "pack_audit_mean": 0.578125,
      "pack_audit_sd": 0.09375,
      "pack_above_null_mean": 0.03125,
      "pack_above_null_sd": 0.03608439182435161,
      "ms_audit_mean": 0.23415178006720705,
      "ms_audit_sd": 0.0012968850357564462,
      "ms_rel_real_mean": 0.2379014466525363,
      "ms_rel_real_sd": 0.0013176531310585323,
      "auroc_mean": 1.0,
      "auroc_sd": 0.0,
      "hunter_new_mean": 3.75,
      "hunter_new_sd": 0.5
    },
    {
      "condition": "realism_only",
      "n_seeds": 5,
      "acc_mean": 0.44,
      "acc_sd": 0.151657508881031,
      "macro_f1_mean": 0.39276190476190476,
      "macro_f1_sd": 0.1338740735680219,
      "attr_match_mean": 0.0,
      "attr_match_sd": 0.0,
      "disc_acc_mean": 0.8333333333333334,
      "disc_acc_sd": 0.3280836614171588,
      "near_dup_mean": 0.16999999999999998,
      "near_dup_sd": 0.044721359549995794,
      "combo_cov_mean": 0.6533333333333333,
      "combo_cov_sd": 0.10954451150103324,
      "pack_audit_mean": 0.546875,
      "pack_audit_sd": 0.03125,
      "pack_above_null_mean": 0.0,
      "pack_above_null_sd": 0.05103103630798288,
      "ms_audit_mean": 0.23407102678360078,
      "ms_audit_sd": 0.002627450936684852,
      "ms_rel_real_mean": 0.2378194001996485,
      "ms_rel_real_sd": 0.002669526486907243,
      "auroc_mean": 1.0,
      "auroc_sd": 0.0,
      "hunter_new_mean": 2.75,
      "hunter_new_sd": 1.2583057392117916
    },
    {
      "condition": "diversity_only",
      "n_seeds": 5,
      "acc_mean": 0.46,
      "acc_sd": 0.08944271909999157,
      "macro_f1_mean": 0.3742857142857143,
      "macro_f1_sd": 0.09564911308771827,
      "attr_match_mean": 0.0,
      "attr_match_sd": 0.0,
      "disc_acc_mean": 0.5,
      "disc_acc_sd": 0.0,
      "near_dup_mean": 0.15,
      "near_dup_sd": 0.0,
      "combo_cov_mean": 0.6533333333333333,
      "combo_cov_sd": 0.10954451150103324,
      "pack_audit_mean": 0.578125,
      "pack_audit_sd": 0.1288470508005519,
      "pack_above_null_mean": 0.03125,
      "pack_above_null_sd": 0.08068715304598785,
      "ms_audit_mean": 0.23423267575593562,
      "ms_audit_sd": 0.0012740698762380436,
      "ms_rel_real_mean": 0.23798363779099765,
      "ms_rel_real_sd": 0.001294472613475109,
      "auroc_mean": 1.0,
      "auroc_sd": 0.0,
      "hunter_new_mean": 4,
      "hunter_new_sd": 0.0
    },
    {
      "condition": "full_classic",
      "n_seeds": 5,
      "acc_mean": 0.6599999999999999,
      "acc_sd": 0.0547722557505166,
      "macro_f1_mean": 0.612,
      "macro_f1_sd": 0.05761944116355175,
      "attr_match_mean": 0.0875,
      "attr_match_sd": 0.08385254915624211,
      "disc_acc_mean": 0.9333333333333333,
      "disc_acc_sd": 0.10865337342004415,
      "near_dup_mean": 0.15,
      "near_dup_sd": 0.0,
      "combo_cov_mean": 0.6533333333333333,
      "combo_cov_sd": 0.10954451150103324,
      "pack_audit_mean": 0.5625,
      "pack_audit_sd": 0.11410886614690961,
      "pack_above_null_mean": 0.015625,
      "pack_above_null_sd": 0.1183105905375057,
      "ms_audit_mean": 0.2340243984591948,
      "ms_audit_sd": 0.0012759575455280321,
      "ms_rel_real_mean": 0.23777202517722507,
      "ms_rel_real_sd": 0.0012963905115784846,
      "auroc_mean": 1.0,
      "auroc_sd": 0.0,
      "hunter_new_mean": 3.75,
      "hunter_new_sd": 0.5
    },
    {
      "condition": "full_attrforge",
      "n_seeds": 5,
      "acc_mean": 0.52,
      "acc_sd": 0.13038404810405294,
      "macro_f1_mean": 0.468,
      "macro_f1_sd": 0.11258576977378429,
      "attr_match_mean": 0.0625,
      "attr_match_sd": 0.0625,
      "disc_acc_mean": 0.9,
      "disc_acc_sd": 0.14907119849998599,
      "near_dup_mean": 0.15,
      "near_dup_sd": 0.0,
      "combo_cov_mean": 0.6533333333333333,
      "combo_cov_sd": 0.10954451150103324,
      "pack_audit_mean": 0.515625,
      "pack_audit_sd": 0.09375,
      "pack_above_null_mean": -0.03125,
      "pack_above_null_sd": 0.08068715304598785,
      "ms_audit_mean": 0.23518407694475693,
      "ms_audit_sd": 0.0020869867700999425,
      "ms_rel_real_mean": 0.2389502745558455,
      "ms_rel_real_sd": 0.0021204074195334886,
      "auroc_mean": 1.0,
      "auroc_sd": 0.0,
      "hunter_new_mean": 3.75,
      "hunter_new_sd": 0.5
    }
  ],
  "per_iter": {
    "naive": {
      "0": {
        "macro_f1_mean": 0.3702222222222222,
        "macro_f1_sd": 0.11550853744300557,
        "n_seeds": 5
      }
    },
    "few_shot": {
      "0": {
        "macro_f1_mean": 0.48977777777777776,
        "macro_f1_sd": 0.15502767574505394,
        "n_seeds": 5
      }
    },
    "self_critique": {
      "0": {
        "macro_f1_mean": 0.3605714285714286,
        "macro_f1_sd": 0.1459950609545722,
        "n_seeds": 5
      },
      "1": {
        "macro_f1_mean": 0.31806926406926406,
        "macro_f1_sd": 0.23483074443737342,
        "n_seeds": 5
      },
      "2": {
        "macro_f1_mean": 0.4136190476190476,
        "macro_f1_sd": 0.21460230581208567,
        "n_seeds": 5
      }
    },
    "realism_only": {
      "0": {
        "macro_f1_mean": 0.31701587301587303,
        "macro_f1_sd": 0.0799589211741494,
        "n_seeds": 5
      },
      "1": {
        "macro_f1_mean": 0.3377777777777778,
        "macro_f1_sd": 0.05698169513314707,
        "n_seeds": 5
      },
      "2": {
        "macro_f1_mean": 0.34939682539682543,
        "macro_f1_sd": 0.2052782464807367,
        "n_seeds": 5
      }
    },
    "diversity_only": {
      "0": {
        "macro_f1_mean": 0.3081904761904762,
        "macro_f1_sd": 0.07183882186207269,