{
  "base": "main_run_002",
  "n_seeds": 5,
  "null_pack_accuracy_real_vs_real": 0.5625,
  "real_mode_seeking_ratio": 0.9842385717359434,
  "rows": [
    {
      "condition": "naive",
      "n_seeds": 5,
      "acc_mean": 0.44,
      "acc_sd": 0.11401754250991379,
      "macro_f1_mean": 0.3702222222222222,
      "macro_f1_sd": 0.11550853744300557,
      "attr_match_mean": 0.0,
      "attr_match_sd": 0.0,
      "disc_acc_mean": 0.5,
      "disc_acc_sd": 0.0,
      "near_dup_mean": 0.0,
      "near_dup_sd": 0.0,
      "combo_cov_mean": 0.6266666666666666,
      "combo_cov_sd": 0.07601169500660918,
      "pack_audit_mean": 0.45,
      "pack_audit_sd": 0.14921670482891652,
      "pack_above_null_mean": -0.1125,
      "pack_above_null_sd": 0.12022115038544591,
      "ms_audit_mean": 0.23106986538178775,
      "ms_audit_sd": 0.007948173373609334,
      "ms_rel_real_mean": 0.23477017871209824,
      "ms_rel_real_sd": 0.008075454063531369,
      "auroc_mean": 1.0,
      "auroc_sd": 0.0,
      "hunter_new_mean": 3.6,
      "hunter_new_sd": 0.5477225575051661
    },
    {
      "condition": "few_shot",
      "n_seeds": 5,
      "acc_mean": 0.5599999999999999,
      "acc_sd": 0.13416407864998736,
      "macro_f1_mean": 0.48977777777777776,
      "macro_f1_sd": 0.15502767574505394,
      "attr_match_mean": 0.0,
      "attr_match_sd": 0.0,
      "disc_acc_mean": 0.5,
      "disc_acc_sd": 0.0,
      "near_dup_mean": 0.0,
      "near_dup_sd": 0.0,
      "combo_cov_mean": 0.6266666666666666,
      "combo_cov_sd": 0.07601169500660918,
      "pack_audit_mean": 0.3375,
      "pack_audit_sd": 0.07126096406869613,
      "pack_above_null_mean": -0.225,
      "pack_above_null_sd": 0.07126096406869613,
      "ms_audit_mean": 0.23126178884426846,
      "ms_audit_sd": 0.008285605535568698,
      "ms_rel_real_mean": 0.234965175604104,
      "ms_rel_real_sd": 0.008418289806459246,
      "auroc_mean": 1.0,
      "auroc_sd": 0.0,
      "hunter_new_mean": 4,
      "hunter_new_sd": 0.0
    },
    {
      "condition": "self_critique",
      "n_seeds": 5,
      "acc_mean": 0.54,
      "acc_sd": 0.13416407864998736,
      "macro_f1_mean": 0.48380952380952386,
      "macro_f1_sd": 0.12491992900306789,
      "attr_match_mean": 0.0,
      "attr_match_sd": 0.0,
      "disc_acc_mean": 0.5,
      "disc_acc_sd": 0.0,
      "near_dup_mean": 0.15,
      "near_dup_sd": 0.0,
      "combo_cov_mean": 0.6533333333333333,
      "combo_cov_sd": 0.10954451150103324,
      "pack_audit_mean": 0.5625,
      "pack_audit_sd": 0.08838834764831845,
      "pack_above_null_mean": 0.0,
      "pack_above_null_sd": 0.07654655446197431,
      "ms_audit_mean": 0.23328436637283972,
      "ms_audit_sd": 0.002241308921781347,
      "ms_rel_real_mean": 0.23702014234352364,
      "ms_rel_real_sd": 0.0022772008597755434,
      "auroc_mean": 1.0,
      "auroc_sd": 0.0,
      "hunter_new_mean": 3.6,
      "hunter_new_sd": 0.5477225575051661
    },
    {
      "condition": "realism_only",
      "n_seeds": 5,
      "acc_mean": 0.44,
      "acc_sd": 0.151657508881031,
      "macro_f1_mean": 0.39276190476190476,
      "macro_f1_sd": 0.1338740735680219,
      "attr_match_mean": 0.0,
      "attr_match_sd": 0.0,
      "disc_acc_mean": 0.8333333333333334,
      "disc_acc_sd": 0.3280836614171588,
      "near_dup_mean": 0.16999999999999998,
      "near_dup_sd": 0.044721359549995794,
      "combo_cov_mean": 0.6533333333333333,
      "combo_cov_sd": 0.10954451150103324,
      "pack_audit_mean": 0.55,
      "pack_audit_sd": 0.02795084971874737,
      "pack_above_null_mean": -0.0125,
      "pack_above_null_sd": 0.05229125165837972,
      "ms_audit_mean": 0.23323035858446314,
      "ms_audit_sd": 0.002951480801855425,
      "ms_rel_real_mean": 0.2369652696836549,
      "ms_rel_real_sd": 0.0029987453109562427,
      "auroc_mean": 1.0,
      "auroc_sd": 0.0,
      "hunter_new_mean": 2.6,
      "hunter_new_sd": 1.140175425099138
    },
    {
      "condition": "diversity_only",
      "n_seeds": 5,
      "acc_mean": 0.46,
      "acc_sd": 0.08944271909999157,
      "macro_f1_mean": 0.3742857142857143,
      "macro_f1_sd": 0.09564911308771827,
      "attr_match_mean": 0.0,
      "attr_match_sd": 0.0,
      "disc_acc_mean": 0.5,
      "disc_acc_sd": 0.0,
      "near_dup_mean": 0.15,
      "near_dup_sd": 0.0,
      "combo_cov_mean": 0.6533333333333333,
      "combo_cov_sd": 0.10954451150103324,
      "pack_audit_mean": 0.5875,
      "pack_audit_sd": 0.11353688827865593,
      "pack_above_null_mean": 0.025,
      "pack_above_null_sd": 0.07126096406869613,
      "ms_audit_mean": 0.23316219411219635,
      "ms_audit_sd": 0.002635734297129829,
      "ms_rel_real_mean": 0.23689601363717974,
      "ms_rel_real_sd": 0.0026779424956706066,
      "auroc_mean": 1.0,
      "auroc_sd": 0.0,
      "hunter_new_mean": 4,
      "hunter_new_sd": 0.0
    },
    {
      "condition": "full_classic",
      "n_seeds": 5,
      "acc_mean": 0.6599999999999999,
      "acc_sd": 0.0547722557505166,
      "macro_f1_mean": 0.612,
      "macro_f1_sd": 0.05761944116355175,
      "attr_match_mean": 0.0875,
      "attr_match_sd": 0.08385254915624211,
      "disc_acc_mean": 0.9333333333333333,
      "disc_acc_sd": 0.10865337342004415,
      "near_dup_mean": 0.15,
      "near_dup_sd": 0.0,
      "combo_cov_mean": 0.6533333333333333,
      "combo_cov_sd": 0.10954451150103324,
      "pack_audit_mean": 0.575,
      "pack_audit_sd": 0.10269797953221865,
      "pack_above_null_mean": 0.0125,
      "pack_above_null_sd": 0.10269797953221865,
      "ms_audit_mean": 0.23321969809268694,
      "ms_audit_sd": 0.002111578590245155,
      "ms_rel_real_mean": 0.23695443847658545,
      "ms_rel_real_sd": 0.002145393048883341,
      "auroc_mean": 1.0,
      "auroc_sd": 0.0,
      "hunter_new_mean": 3.8,
      "hunter_new_sd": 0.4472135954999579
    },
    {
      "condition": "full_attrforge",
      "n_seeds": 5,
      "acc_mean": 0.52,
      "acc_sd": 0.13038404810405294,
      "macro_f1_mean": 0.468,
      "macro_f1_sd": 0.11258576977378429,
      "attr_match_mean": 0.0625,
      "attr_match_sd": 0.0625,
      "disc_acc_mean": 0.9,
      "disc_acc_sd": 0.14907119849998599,
      "near_dup_mean": 0.15,
      "near_dup_sd": 0.0,
      "combo_cov_mean": 0.6533333333333333,
      "combo_cov_sd": 0.10954451150103324,
      "pack_audit_mean": 0.525,
      "pack_audit_sd": 0.08385254915624211,
      "pack_above_null_mean": -0.0375,
      "pack_above_null_sd": 0.07126096406869613,
      "ms_audit_mean": 0.2340189833898095,
      "ms_audit_sd": 0.003170780707149155,
      "ms_rel_real_mean": 0.23776652339184418,
      "ms_rel_real_sd": 0.003221557047451114,
      "auroc_mean": 1.0,
      "auroc_sd": 0.0,
      "hunter_new_mean": 3.8,
      "hunter_new_sd": 0.4472135954999579
    }
  ],
  "per_iter": {
    "naive": {
      "0": {
        "macro_f1_mean": 0.3702222222222222,
        "macro_f1_sd": 0.11550853744300557,
        "n_seeds": 5
      }
    },
    "few_shot": {
      "0": {
        "macro_f1_mean": 0.48977777777777776,
        "macro_f1_sd": 0.15502767574505394,
        "n_seeds": 5
      }
    },
    "self_critique": {
      "0": {
        "macro_f1_mean": 0.3605714285714286,
        "macro_f1_sd": 0.1459950609545722,
        "n_seeds": 5
      },
      "1": {
        "macro_f1_mean": 0.31806926406926406,
        "macro_f1_sd": 0.23483074443737342,
        "n_seeds": 5
      },
      "2": {
        "macro_f1_mean": 0.4136190476190476,
        "macro_f1_sd": 0.21460230581208567,
        "n_seeds": 5
      }
    },
    "realism_only": {
      "0": {
        "macro_f1_mean": 0.31701587301587303,
        "macro_f1_sd": 0.0799589211741494,
        "n_seeds": 5
      },
      "1": {
        "macro_f1_mean": 0.3377777777777778,
        "macro_f1_sd": 0.05698169513314707,
        "n_seeds": 5
      },
      "2": {
        "macro_f1_mean": 0.34939682539682543,
        "macro_f1_sd": 0.2052782464807367,
        "n_seeds": 5
      }
    },