{
  "attribute_match_rate": 0.8260869565217391,
  "discriminator_accuracy": 0.6666666666666666,
  "synthetic_detection_rate": 0.5333333333333333,
  "near_duplicate_rate": 0.25,
  "combination_coverage": 0.7333333333333333,
  "entropy/intent": 0.9909775756786534,
  "entropy/difficulty": 0.8440440051949545,
  "entropy/ambiguity": 0.9526230661652663,
  "entropy/style": 0.887368224952361,
  "entropy/noise": 0.9359550701662825,
  "entropy/scenario_type": 0.940725014049597,
  "coverage/intent": 1.0,
  "coverage/difficulty": 1.0,
  "coverage/ambiguity": 1.0,
  "coverage/style": 1.0,
  "coverage/noise": 1.0,
  "coverage/scenario_type": 1.0,
  "pack_accuracy": 0.625,
  "pack_confidence": 0.89375,
  "mode_seeking_ratio": 0.23882514027972057,
  "text_distance_mean": 0.9521129183672071,
  "banned_phrasings_total": 3.0,
  "banned_phrasings_new": 3.0,
  "coverage_classifier_auroc": 1.0
}