{
  "mode_seeking_ratio": 0.23882514027972057,
  "n_pairs": 253,
  "text_distance_mean": 0.9521129183672071,
  "target_distance_mean": 4.335968379446641,
  "attribute_sensitivity": {
    "noise": 0.0,
    "difficulty": 0.0,
    "intent": 0.9806860743901091,
    "scenario_type": 0.0,
    "style": 0.0,
    "ambiguity": 0.0
  }
}