{
  "mode_seeking_ratio": 0.2088583984268061,
  "n_pairs": 120,
  "text_distance_mean": 0.9291007974766039,
  "target_distance_mean": 4.633333333333334,
  "attribute_sensitivity": {
    "ambiguity": 0.0,
    "intent": 0.0,
    "difficulty": 0.0,
    "scenario_type": 0.0,
    "style": 0.0,
    "noise": 0.0
  }
}