{
  "run_dir": "E:\\Projects\\PromptForge\\experiments\\banking77_run_001_seed89\\realism_only\\20260602T051907Z",
  "n_iterations": 3,
  "final_prompt_version": 2,
  "metric_history": [
    {
      "iteration": 0.0,
      "attribute_match_rate": 0.0,
      "discriminator_accuracy": 0.8333333333333334,
      "synthetic_detection_rate": 0.6363636363636364,
      "near_duplicate_rate": 0.25,
      "combination_coverage": 0.4,
      "entropy/intent": 0.7852242790441241,
      "entropy/difficulty": 0.9755307720176264,
      "entropy/ambiguity": 0.9320201587042913,
      "entropy/style": 0.8941244307468018,
      "entropy/noise": 0.9158830010682758,
      "entropy/scenario_type": 0.9965119062478287,
      "coverage/intent": 0.7,
      "coverage/difficulty": 1.0,
      "coverage/ambiguity": 1.0,
      "coverage/style": 0.8333333333333334,
      "coverage/noise": 1.0,
      "coverage/scenario_type": 1.0
    },
    {
      "iteration": 1.0,
      "attribute_match_rate": 0.0,
      "discriminator_accuracy": 0.9166666666666666,
      "synthetic_detection_rate": 1.0,
      "near_duplicate_rate": 0.15,
      "combination_coverage": 0.43333333333333335,
      "entropy/intent": 0.9123132637620583,
      "entropy/difficulty": 0.9850568223215079,
      "entropy/ambiguity": 0.9755307720176264,
      "entropy/style": 0.9789848253208956,
      "entropy/noise": 0.9415787376332126,
      "entropy/scenario_type": 0.9755307720176264,
      "coverage/intent": 0.9,
      "coverage/difficulty": 1.0,
      "coverage/ambiguity": 1.0,
      "coverage/style": 1.0,
      "coverage/noise": 1.0,
      "coverage/scenario_type": 1.0
    },
    {
      "iteration": 2.0,
      "attribute_match_rate": 0.0,
      "discriminator_accuracy": 0.9166666666666666,
      "synthetic_detection_rate": 1.0,
      "near_duplicate_rate": 0.15,
      "combination_coverage": 0.43333333333333335,
      "entropy/intent": 0.9499420132200559,
      "entropy/difficulty": 0.9320201587042913,
      "entropy/ambiguity": 0.9755307720176264,
      "entropy/style": 0.9282136470754652,
      "entropy/noise": 0.8647365386176832,
      "entropy/scenario_type": 0.9320201587042913,
      "coverage/intent": 1.0,
      "coverage/difficulty": 1.0,
      "coverage/ambiguity": 1.0,
      "coverage/style": 1.0,
      "coverage/noise": 1.0,
      "coverage/scenario_type": 1.0
    }
  ],
  "prompt_history": [
    {
      "version": 0,
      "iteration": 0,
      "prompt": "Generate realistic banking customer-support messages that match the requested intent\nand style. The example should be plausible for a customer support channel\n(email, chat, in-app form). Keep it short to medium length. Output a JSON\nobject with the sample id, the text, and the attribute values.\n",
      "motivation": "initial prompt",
      "feedback_summary": {},
      "timestamp": "2026-06-02T05:19:07.741240+00:00"
    },
    {
      "version": 1,
      "iteration": 1,
      "prompt": "\"\"\"Generate realistic banking customer-support messages that match the requested intent and style, ensuring a personal touch and emotional nuance. The examples should reflect various scenarios, including transaction issues, card handling, and general inquiries. Incorporate a range of styles such as formal, informal, emotional, concise, and verbose. Keep the messages short to medium length, with specific details that convey urgency or concern. Output a JSON object with the sample id, the text, and the attribute values.\n\nForbidden phrasings:\n- Avoid overly polished language that lacks urgency.\n- Refrain from generic phrasing and structure.\n- Do not use overly formal or structured language that sounds scripted.\n- Exclude overly enthusiastic tones without specific details.\n\nEnsure to cover a diverse set of intents, including but not limited to: card_payment_fee_charged, card_swallowed, lost_or_stolen_card, declined_card_payment, and pending_card_payment. Strive for a balance in emotional styles and avoid overrepresentation of fragmented or emotional tones. Aim to introduce edge cases or rare scenarios to enhance the diversity of the generated messages.\"",
      "motivation": "The batch exhibits a good range of intents and difficulties, but there are missing attribute values for 'style' and 'scenario_type' in some entries. Additionally, there are overrepresented styles and some near-duplicate phrasings.",
      "feedback_summary": {
        "iteration": 0,
        "n_attribute_failures": 0,
        "n_realism_artifacts": 7,
        "near_duplicate_rate": 0.25,
        "pack_accuracy": null,
        "mode_seeking_ratio": null,
        "n_banned_phrasings": 0,
        "missing_modes": [
          "intent: card_payment_fee_charged, card_swallowed, lost_or_stolen_card, declined_card_payment, pending_card_payment",
          "style: formal, informal, emotional, concise, verbose",
          "scenario_type: transaction_issue, card_handling, general_inquiry"
        ],
        "overrepresented_modes": [
          "style: fragmented, emotional",
          "intent: top_up_failed, card_payment_not_recognised"
        ],
        "metrics": {
          "attribute_match_rate": 0.0,
          "discriminator_accuracy": 0.8333333333333334,
          "synthetic_detection_rate": 0.6363636363636364,
          "near_duplicate_rate": 0.25,
          "combination_coverage": 0.4,
          "entropy/intent": 0.7852242790441241,
          "entropy/difficulty": 0.9755307720176264,
          "entropy/ambiguity": 0.9320201587042913,
          "entropy/style": 0.8941244307468018,
          "entropy/noise": 0.9158830010682758,
          "entropy/scenario_type": 0.9965119062478287,
          "coverage/intent": 0.7,
          "coverage/difficulty": 1.0,
          "coverage/ambiguity": 1.0,
          "coverage/style": 0.8333333333333334,
          "coverage/noise": 1.0,
          "coverage/scenario_type": 1.0
        }
      },
      "timestamp": "2026-06-02T05:20:08.931277+00:00"
    },
    {
      "version": 2,
      "iteration": 2,
      "prompt": "\"\"\"\"\"\"Generate realistic banking customer-support messages that align with the requested intent and style, ensuring a personal touch and emotional nuance. The examples should cover a variety of scenarios, including transaction issues, card handling, and general inquiries. Incorporate diverse styles such as formal, informal, emotional, concise, and verbose, while avoiding overrepresentation of any single style. Messages should be short to medium length and include specific details that convey urgency or concern. Output a JSON object with the sample id, the text, and the attribute values.\n\nForbidden phrasings:\n- Avoid overly polished language that lacks urgency.\n- Refrain from generic phrasing and structure.\n- Do not use overly formal or structured language that sounds scripted.\n- Exclude overly enthusiastic tones without specific details.\n\nEnsure to cover a diverse set of intents, including but not limited to: card_payment_fee_charged, card_swallowed, lost_or_stolen_card, declined_card_payment, and pending_card_payment. Strive for a balance in emotional styles, minimizing fragmented or overly emotional tones. Introduce edge cases or rare scenarios to enhance the diversity of the generated messages. Additionally, ensure unique expressions in the samples to avoid near-duplicate phrasings, particularly for the intent 'card_payment_fee_charged' which is currently underrepresented.\"\"\"\"\"",
      "motivation": "The batch of synthetic samples demonstrates a high coverage of attributes, with only a few missing modes in the intent category. There are instances of near-duplicate phrasings and some overrepresented styles, particularly emotional and fragmented.",
      "feedback_summary": {
        "iteration": 1,
        "n_attribute_failures": 0,
        "n_realism_artifacts": 7,
        "near_duplicate_rate": 0.15,
        "pack_accuracy": null,
        "mode_seeking_ratio": null,
        "n_banned_phrasings": 0,