{
  "solo": {
    "self_critique": {
      "macros": [
        0.9507587373200697,
        0.9484151421965319,
        0.9458852086639741,
        0.9482744619031539,
        0.9506730782888907
      ],
      "worsts": [
        0.8735632183908046,
        0.8764044943820225,
        0.8764044943820225,
        0.8863636363636362,
        0.8837209302325583
      ]
    },
    "realism_only": {
      "macros": [
        0.9458767767628528,
        0.9459709320996241,
        0.9482773809250602,
        0.9483832552337507,
        0.9506965610653955
      ],
      "worsts": [
        0.8636363636363635,
        0.8636363636363635,
        0.8863636363636362,
        0.8764044943820225,
        0.8735632183908046
      ]
    },
    "diversity_only": {
      "macros": [
        0.9458767767628528,
        0.9434626194302875,
        0.948417125679528,
        0.9482331377267021,
        0.9506803065663826
      ],
      "worsts": [
        0.8636363636363635,
        0.8636363636363635,
        0.8764044943820225,
        0.8735632183908046,
        0.8863636363636362
      ]
    },
    "full_classic": {
      "macros": [
        0.9532280272893596,
        0.9484151421965319,
        0.9509143307716699,
        0.9530644167091135,
        0.9507308221972177
      ],
      "worsts": [
        0.8735632183908046,
        0.8764044943820225,
        0.8764044943820225,
        0.896551724137931,
        0.8735632183908046
      ]
    },
    "full_attrforge": {
      "macros": [
        0.9508495961283616,
        0.9482945641280482,
        0.9458853628307949,
        0.9507311842964787,
        0.9506803065663826
      ],
      "worsts": [
        0.8764044943820225,
        0.8735632183908046,
        0.8764044943820225,
        0.8735632183908046,
        0.8863636363636362
      ]
    }
  },
  "pairs": [
    {
      "a": "full_classic",
      "b": "full_attrforge",
      "macros": [
        0.9483739818549944,
        0.9482945641280482,
        0.9509143307716699,
        0.9506986686624399,
        0.9507308221972177
      ],
      "worsts": [
        0.8636363636363635,
        0.8735632183908046,
        0.8764044943820225,
        0.8735632183908046,
        0.8735632183908046
      ]
    },
    {
      "a": "self_critique",
      "b": "full_classic",
      "macros": [
        0.9532280272893596,
        0.9484151421965319,
        0.9484186312501393,
        0.9456486609967621,
        0.9507308221972177
      ],
      "worsts": [
        0.8735632183908046,
        0.8764044943820225,
        0.8764044943820225,
        0.8863636363636362,
        0.8735632183908046
      ]
    },
    {
      "a": "realism_only",
      "b": "full_classic",
      "macros": [
        0.9484061353897724,
        0.9484366089012584,
        0.9484186312501393,
        0.9483523910362198,
        0.9507308221972177
      ],
      "worsts": [
        0.8636363636363635,
        0.8636363636363635,
        0.8764044943820225,
        0.8764044943820225,
        0.8735632183908046
      ]
    },
    {
      "a": "diversity_only",
      "b": "full_classic",
      "macros": [
        0.950903340481914,
        0.945971860803599,
        0.948417125679528,
        0.9457034170005217,
        0.9532096651933021
      ],
      "worsts": [
        0.8636363636363635,
        0.8636363636363635,
        0.8764044943820225,
        0.8735632183908046,
        0.8863636363636362
      ]
    },
    {
      "a": "diversity_only",
      "b": "full_attrforge",
      "macros": [
        0.9458767767628528,
        0.945971860803599,
        0.948417125679528,
        0.9507311842964787,
        0.9506803065663826
      ],
      "worsts": [
        0.8636363636363635,
        0.8636363636363635,
        0.8764044943820225,
        0.8735632183908046,
        0.8863636363636362
      ]
    },
    {
      "a": "self_critique",
      "b": "full_attrforge",
      "macros": [
        0.9483523910362198,
        0.9482945641280482,
        0.945886985680519,
        0.9482311842964787,
        0.9482941133364582
      ],
      "worsts": [
        0.8764044943820225,
        0.8735632183908046,
        0.8764044943820225,
        0.8735632183908046,
        0.8735632183908046
      ]
    },
    {
      "a": "realism_only",
      "b": "full_attrforge",
      "macros": [
        0.9458767767628528,
        0.9482945641280482,
        0.948385362830795,
        0.9482956189070695,
        0.9482014635702981
      ],
      "worsts": [
        0.8636363636363635,
        0.8735632183908046,
        0.8764044943820225,
        0.8735632183908046,
        0.8735632183908046
      ]
    },
    {
      "a": "self_critique",
      "b": "diversity_only",
      "macros": [
        0.9484061353897724,
        0.9484690658957409,
        0.9435111937899592,
        0.9482744619031539,
        0.9482439883916676
      ],
      "worsts": [
        0.8636363636363635,
        0.8636363636363635,
        0.8764044943820225,
        0.8863636363636362,
        0.8863636363636362
      ]
    },
    {
      "a": "realism_only",
      "b": "diversity_only",
      "macros": [
        0.9458767767628528,
        0.9459698773206029,
        0.9484186312501393,
        0.9434095943906071,
        0.9531775116585243
      ],
      "worsts": [
        0.8636363636363635,
        0.8636363636363635,
        0.8764044943820225,
        0.8636363636363635,
        0.8863636363636362
      ]
    },
    {
      "a": "self_critique",
      "b": "realism_only",
      "macros": [
        0.9484061353897724,
        0.9435042005189684,
        0.9459494653948974,
        0.9458852086639741,
        0.9482014635702981
      ],
      "worsts": [
        0.8636363636363635,
        0.8636363636363635,
        0.8764044943820225,
        0.8764044943820225,
        0.8735632183908046
      ]
    }
  ],
  "all_iter_ensemble": {
    "macros": [
      0.9458767767628528,
      0.9459698773206029,
      0.9509143307716699,
      0.9457342811980525,
      0.9482014635702981
    ],
    "worsts": [
      0.8636363636363635,
      0.8636363636363635,
      0.8764044943820225,
      0.8735632183908046,
      0.8735632183908046
    ]
  }
}