{
  "run_dir": "E:\\Projects\\PromptForge\\experiments\\main_run_002_seed137\\realism_only\\20260602T044633Z",
  "n_iterations": 3,
  "final_prompt_version": 2,
  "metric_history": [
    {
      "iteration": 0.0,
      "attribute_match_rate": 0.0,
      "discriminator_accuracy": 0.625,
      "synthetic_detection_rate": 0.0,
      "near_duplicate_rate": 0.15,
      "combination_coverage": 0.7333333333333333,
      "entropy/intent": 0.9487027337173605,
      "entropy/difficulty": 0.9755307720176264,
      "entropy/ambiguity": 0.946394630357186,
      "entropy/style": 0.9306282244165779,
      "entropy/noise": 0.8410335941990121,
      "entropy/scenario_type": 0.9850568223215079,
      "coverage/intent": 1.0,
      "coverage/difficulty": 1.0,
      "coverage/ambiguity": 1.0,
      "coverage/style": 1.0,
      "coverage/noise": 1.0,
      "coverage/scenario_type": 1.0
    },
    {
      "iteration": 1.0,
      "attribute_match_rate": 0.0,
      "discriminator_accuracy": 0.8333333333333334,
      "synthetic_detection_rate": 0.0,
      "near_duplicate_rate": 0.15,
      "combination_coverage": 0.6666666666666666,
      "entropy/intent": 0.9592101522724051,
      "entropy/difficulty": 0.9850568223215079,
      "entropy/ambiguity": 0.9497012164384108,
      "entropy/style": 0.8156631257730544,
      "entropy/noise": 0.9080636898218125,
      "entropy/scenario_type": 0.8957541375001009,
      "coverage/intent": 1.0,
      "coverage/difficulty": 1.0,
      "coverage/ambiguity": 1.0,
      "coverage/style": 0.8333333333333334,
      "coverage/noise": 1.0,
      "coverage/scenario_type": 1.0
    },
    {
      "iteration": 2.0,
      "attribute_match_rate": 0.0,
      "discriminator_accuracy": 0.9166666666666666,
      "synthetic_detection_rate": 1.0,
      "near_duplicate_rate": 0.15,
      "combination_coverage": 0.6666666666666666,
      "entropy/intent": 0.9822177815287606,
      "entropy/difficulty": 0.9755307720176264,
      "entropy/ambiguity": 0.8387794678549644,
      "entropy/style": 0.8521669194428305,
      "entropy/noise": 0.8339095981148644,
      "entropy/scenario_type": 0.9850568223215079,
      "coverage/intent": 1.0,
      "coverage/difficulty": 1.0,
      "coverage/ambiguity": 1.0,
      "coverage/style": 0.8333333333333334,
      "coverage/noise": 0.8,
      "coverage/scenario_type": 1.0
    }
  ],
  "prompt_history": [
    {
      "version": 0,
      "iteration": 0,
      "prompt": "Generate realistic customer support messages that match the requested intent\nand style. The example should be plausible for a customer support channel\n(email, chat, in-app form). Keep it short to medium length. Output a JSON\nobject with the sample id, the text, and the attribute values.\n",
      "motivation": "initial prompt",
      "feedback_summary": {},
      "timestamp": "2026-06-02T04:46:33.889256+00:00"
    },
    {
      "version": 1,
      "iteration": 1,
      "prompt": "\"\"\"Generate realistic customer support messages that align with the requested intent and style, ensuring a personal touch and clarity. The example should be plausible for a customer support channel (email, chat, in-app form) and can vary in length from short to medium. Aim for diverse expressions and scenarios, including edge cases for technical issues and complaints. Output a JSON object with the sample id, the text, and the attribute values.\n\nForbidden phrasings:\n- Overly formal structures\n- Generic vocabulary\n- Vague descriptions\n- Unusual phrasing\n\nConsider incorporating specific customer contexts or details to enhance realism. Strive for varied expressions to minimize near-duplicate phrasings, and ensure a balance of informal and formal tones. Aim to cover a wide range of customer interactions, including unique situations and diverse customer backgrounds to improve overall diversity. Ensure that the generated messages feel authentic and relatable, avoiding overly structured or generic responses.",
      "motivation": "The batch of synthetic samples demonstrates a good coverage of attribute values, but there are some near-duplicate phrasings and a few missing edge cases. Overall, the diversity is satisfactory, yet there is room for improvement in generating more varied expressions.",
      "feedback_summary": {
        "iteration": 0,
        "n_attribute_failures": 0,
        "n_realism_artifacts": 7,
        "near_duplicate_rate": 0.15,
        "pack_accuracy": null,
        "mode_seeking_ratio": null,
        "n_banned_phrasings": 0,
        "missing_modes": [],
        "overrepresented_modes": [
          "fragmented",
          "informal"
        ],
        "metrics": {
          "attribute_match_rate": 0.0,
          "discriminator_accuracy": 0.625,
          "synthetic_detection_rate": 0.0,
          "near_duplicate_rate": 0.15,
          "combination_coverage": 0.7333333333333333,
          "entropy/intent": 0.9487027337173605,
          "entropy/difficulty": 0.9755307720176264,
          "entropy/ambiguity": 0.946394630357186,
          "entropy/style": 0.9306282244165779,
          "entropy/noise": 0.8410335941990121,
          "entropy/scenario_type": 0.9850568223215079,
          "coverage/intent": 1.0,
          "coverage/difficulty": 1.0,
          "coverage/ambiguity": 1.0,
          "coverage/style": 1.0,
          "coverage/noise": 1.0,
          "coverage/scenario_type": 1.0
        }
      },
      "timestamp": "2026-06-02T04:47:35.537886+00:00"
    },
    {
      "version": 2,
      "iteration": 2,
      "prompt": "\"\"\"\"\"\"Generate realistic customer support messages that align with the requested intent and style, ensuring a personal touch and clarity. The examples should be plausible for a customer support channel (email, chat, in-app form) and can vary in length from short to medium. Aim for diverse expressions and scenarios, including edge cases for technical issues, complaints, and unique customer contexts to enhance realism. \n\nOutput a JSON object with the sample id, the text, and the attribute values. \n\nForbidden phrasings:\n- Overly formal structures\n- Generic vocabulary\n- Vague descriptions\n- Unusual phrasing\n\nEncourage a mix of informal and concise styles alongside formal tones to improve diversity. Strive to minimize near-duplicate phrasings by incorporating varied expressions and unique situations. Ensure that the generated messages feel authentic and relatable, avoiding overly structured or generic responses. Aim to cover a wide range of customer interactions, including diverse customer backgrounds and rare scenarios, to enrich the dataset and enhance overall realism and attribute fidelity. Focus on clarity and engagement in all responses, ensuring they reflect genuine customer support experiences.",
      "motivation": "The batch of synthetic samples demonstrates a good variety of intents and difficulties, but there is a notable lack of diversity in the 'style' attribute, particularly with the absence of 'informal' and 'concise' styles. Additionally, there are several instances of near-duplicate phrasings and shallow paraphrases.",
      "feedback_summary": {
        "iteration": 1,
        "n_attribute_failures": 0,
        "n_realism_artifacts": 3,
        "near_duplicate_rate": 0.15,
        "pack_accuracy": null,
        "mode_seeking_ratio": null,
        "n_banned_phrasings": 0,
        "missing_modes": [
          "informal",
          "concise"
        ],
        "overrepresented_modes": [
          "fragmented",
          "verbose"
        ],
        "metrics": {
          "attribute_match_rate": 0.0,
          "discriminator_accuracy": 0.8333333333333334,
          "synthetic_detection_rate": 0.0,
          "near_duplicate_rate": 0.15,
          "combination_coverage": 0.6666666666666666,
          "entropy/intent": 0.9592101522724051,
          "entropy/difficulty": 0.9850568223215079,
          "entropy/ambiguity": 0.9497012164384108,
          "entropy/style": 0.8156631257730544,