{
  "mode_seeking_ratio": 0.233455948108602,
  "n_pairs": 120,
  "text_distance_mean": 0.9391678782620997,
  "target_distance_mean": 4.341666666666667,
  "attribute_sensitivity": {
    "style": 0.0,
    "intent": 0.0,
    "noise": 0.0,
    "ambiguity": 0.0,
    "difficulty": 0.9166869953993029,
    "scenario_type": 0.0
  }
}