{
  "run_dir": "E:\\Projects\\PromptForge\\experiments\\task69_no_pack_vs_seed17\\no_pack_vs\\20260603T042726Z",
  "n_iterations": 3,
  "final_prompt_version": 2,
  "metric_history": [
    {
      "iteration": 0.0,
      "attribute_match_rate": 0.8695652173913043,
      "discriminator_accuracy": 0.25,
      "synthetic_detection_rate": 0.5,
      "near_duplicate_rate": 0.25,
      "combination_coverage": 0.8666666666666667,
      "entropy/intent": 0.9909775756786534,
      "entropy/difficulty": 0.9659535505394684,
      "entropy/ambiguity": 0.9876197168461961,
      "entropy/style": 0.9296413565956573,
      "entropy/noise": 0.9718864326999251,
      "entropy/scenario_type": 0.9659535505394684,
      "coverage/intent": 1.0,
      "coverage/difficulty": 1.0,
      "coverage/ambiguity": 1.0,
      "coverage/style": 1.0,
      "coverage/noise": 1.0,
      "coverage/scenario_type": 1.0,
      "mode_seeking_ratio": 0.22621816918680196,
      "text_distance_mean": 0.9635361858866113,
      "banned_phrasings_total": 2.0,
      "banned_phrasings_new": 2.0,
      "coverage_classifier_auroc": 1.0
    },
    {
      "iteration": 1.0,
      "attribute_match_rate": 1.0,
      "discriminator_accuracy": 0.4166666666666667,
      "synthetic_detection_rate": 0.9090909090909091,
      "near_duplicate_rate": 0.25,
      "combination_coverage": 0.7333333333333333,
      "entropy/intent": 1.0000000000000002,
      "entropy/difficulty": 0.9089460785096519,
      "entropy/ambiguity": 0.9372305632161295,
      "entropy/style": 0.8979346790097092,
      "entropy/noise": 0.9135198794517726,
      "entropy/scenario_type": 0.9835386311891134,
      "coverage/intent": 1.0,
      "coverage/difficulty": 1.0,
      "coverage/ambiguity": 1.0,
      "coverage/style": 1.0,
      "coverage/noise": 1.0,
      "coverage/scenario_type": 1.0,
      "mode_seeking_ratio": 0.24115664585772242,
      "text_distance_mean": 0.9665369768850084,
      "banned_phrasings_total": 2.0,
      "banned_phrasings_new": 0.0,
      "coverage_classifier_auroc": 1.0
    },
    {
      "iteration": 2.0,
      "attribute_match_rate": 0.8571428571428571,
      "discriminator_accuracy": 0.041666666666666664,
      "synthetic_detection_rate": 0.09090909090909091,
      "near_duplicate_rate": 0.35,
      "combination_coverage": 0.8666666666666667,
      "entropy/intent": 0.997303870639173,
      "entropy/difficulty": 0.9937866610055328,
      "entropy/ambiguity": 0.8452340439095353,
      "entropy/style": 0.9345054210720036,
      "entropy/noise": 0.9588649012766761,
      "entropy/scenario_type": 0.9748830897462034,
      "coverage/intent": 1.0,
      "coverage/difficulty": 1.0,
      "coverage/ambiguity": 1.0,
      "coverage/style": 1.0,
      "coverage/noise": 1.0,
      "coverage/scenario_type": 1.0,
      "mode_seeking_ratio": 0.23062545490381925,
      "text_distance_mean": 0.9631669836168109,
      "banned_phrasings_total": 5.0,
      "banned_phrasings_new": 3.0,
      "coverage_classifier_auroc": 1.0
    }
  ],
  "prompt_history": [
    {
      "version": 0,
      "iteration": 0,
      "prompt": "Generate realistic customer support messages that match the requested intent\nand style. The example should be plausible for a customer support channel\n(email, chat, in-app form). Keep it short to medium length. Output a JSON\nobject with the sample id, the text, and the attribute values.\n",
      "motivation": "initial prompt",
      "feedback_summary": {},
      "timestamp": "2026-06-03T04:27:26.150864+00:00"
    },
    {
      "version": 1,
      "iteration": 1,
      "prompt": "\"\"\"Generate realistic customer support messages that match the requested intent and style. The example should be plausible for a customer support channel (email, chat, in-app form). Keep it short to medium length, ensuring a formal tone and structured phrasing. Output a JSON object with the sample id, the text, and the attribute values.\n\n**Preferred phrasings:**\n- \"ordered 2 items, only got 1. want a refund on the missing one, not a reship.\"\n- \"Hi team, quick one - does the API have a rate limit on the search endpoint?\"\n- \"app keeps crashing on android 14 every time I open the camera tab. tried reinstall. nothing.\"\n- \"two factor codes never come through, I've been locked out for 2 days now.\"\n\n**Forbidden phrasings:**\n- \"I noticed I was billed double\"\n- \"I want to return my shoes, they were not as advertised!\"\n\nEnsure that the generated messages cover a range of intents, including refund requests, general questions, technical problems, and account issues. Incorporate varied emotional expressions, including urgency and frustration, while avoiding redundancy in phrasing and structure. Aim for complexity in scenarios, such as multi-part inquiries or unique technical issues. Maintain a balance of ambiguity and clarity in the messages to reflect real customer interactions. The output should reflect a diverse set of scenarios and intents while adhering to the preferred and forbidden phrasings guidance.\"\"\"",
      "motivation": "The batch exhibits a high degree of surface-level diversity with varied intents and styles, but there is significant redundancy in phrasing and structure, particularly in refund requests and complaints. Many texts utilize similar constructions and expressions, leading to a lack of nuanced variation.",
      "feedback_summary": {
        "iteration": 0,
        "n_attribute_failures": 3,
        "n_realism_artifacts": 18,
        "near_duplicate_rate": 0.25,
        "pack_accuracy": null,
        "mode_seeking_ratio": 0.22621816918680196,
        "n_banned_phrasings": 2,
        "missing_modes": [
          "More complex or multi-part questions in general inquiries.",
          "Unique scenarios involving specific technical problems or account issues.",
          "Emotional expressions that vary in intensity beyond frustration or disappointment."
        ],
        "overrepresented_modes": [
          "Concise phrasing in refund requests and complaints.",
          "Fragmented style in technical problems.",
          "Common expressions of frustration in account issues."
        ],
        "metrics": {
          "attribute_match_rate": 0.8695652173913043,
          "discriminator_accuracy": 0.25,
          "synthetic_detection_rate": 0.5,
          "near_duplicate_rate": 0.25,
          "combination_coverage": 0.8666666666666667,
          "entropy/intent": 0.9909775756786534,
          "entropy/difficulty": 0.9659535505394684,
          "entropy/ambiguity": 0.9876197168461961,
          "entropy/style": 0.9296413565956573,
          "entropy/noise": 0.9718864326999251,
          "entropy/scenario_type": 0.9659535505394684,
          "coverage/intent": 1.0,
          "coverage/difficulty": 1.0,
          "coverage/ambiguity": 1.0,
          "coverage/style": 1.0,
          "coverage/noise": 1.0,
          "coverage/scenario_type": 1.0,
          "mode_seeking_ratio": 0.22621816918680196,
          "text_distance_mean": 0.9635361858866113,
          "banned_phrasings_total": 2.0,
          "banned_phrasings_new": 2.0,
          "coverage_classifier_auroc": 1.0
        }
      },
      "timestamp": "2026-06-03T04:31:25.717764+00:00"
    },
    {
      "version": 2,
      "iteration": 2,