{
  "attribute_match_rate": 0.9523809523809523,
  "discriminator_accuracy": 0.8333333333333334,
  "synthetic_detection_rate": 0.75,
  "near_duplicate_rate": 0.25,
  "combination_coverage": 0.8,
  "entropy/intent": 0.997303870639173,
  "entropy/difficulty": 0.9424257960378287,
  "entropy/ambiguity": 0.9821410328348751,
  "entropy/style": 0.8559436752365888,
  "entropy/noise": 0.8964089752169341,
  "entropy/scenario_type": 0.980315378922394,
  "coverage/intent": 1.0,
  "coverage/difficulty": 1.0,
  "coverage/ambiguity": 1.0,
  "coverage/style": 0.8333333333333334,
  "coverage/noise": 1.0,
  "coverage/scenario_type": 1.0,
  "pack_accuracy": 0.375,
  "pack_confidence": 0.89375,
  "mode_seeking_ratio": 0.2307359507852149,
  "text_distance_mean": 0.9568803399232966,
  "banned_phrasings_total": 2.0,
  "banned_phrasings_new": 1.0,
  "coverage_classifier_auroc": 1.0
}