{
  "mode_seeking_ratio": 0.2307359507852149,
  "n_pairs": 210,
  "text_distance_mean": 0.9568803399232966,
  "target_distance_mean": 4.457142857142857,
  "attribute_sensitivity": {
    "noise": 0.0,
    "difficulty": 0.0,
    "intent": 0.0,
    "scenario_type": 0.0,
    "style": 0.0,
    "ambiguity": 0.0
  }
}