{
  "run_dir": "E:\\Projects\\PromptForge\\experiments\\main_run_002_seed137\\full_classic\\20260602T045334Z",
  "n_iterations": 3,
  "final_prompt_version": 2,
  "metric_history": [
    {
      "iteration": 0.0,
      "attribute_match_rate": 0.0625,
      "discriminator_accuracy": 1.0,
      "synthetic_detection_rate": 1.0,
      "near_duplicate_rate": 0.15,
      "combination_coverage": 0.7333333333333333,
      "entropy/intent": 0.9487027337173605,
      "entropy/difficulty": 0.9755307720176264,
      "entropy/ambiguity": 0.946394630357186,
      "entropy/style": 0.9306282244165779,
      "entropy/noise": 0.8410335941990121,
      "entropy/scenario_type": 0.9850568223215079,
      "coverage/intent": 1.0,
      "coverage/difficulty": 1.0,
      "coverage/ambiguity": 1.0,
      "coverage/style": 1.0,
      "coverage/noise": 1.0,
      "coverage/scenario_type": 1.0
    },
    {
      "iteration": 1.0,
      "attribute_match_rate": 0.0,
      "discriminator_accuracy": 0.7083333333333334,
      "synthetic_detection_rate": 0.2222222222222222,
      "near_duplicate_rate": 0.15,
      "combination_coverage": 0.6666666666666666,
      "entropy/intent": 0.9592101522724051,
      "entropy/difficulty": 0.9850568223215079,
      "entropy/ambiguity": 0.9497012164384108,
      "entropy/style": 0.8156631257730544,
      "entropy/noise": 0.9080636898218125,
      "entropy/scenario_type": 0.8957541375001009,
      "coverage/intent": 1.0,
      "coverage/difficulty": 1.0,
      "coverage/ambiguity": 1.0,
      "coverage/style": 0.8333333333333334,
      "coverage/noise": 1.0,
      "coverage/scenario_type": 1.0
    },
    {
      "iteration": 2.0,
      "attribute_match_rate": 0.0625,
      "discriminator_accuracy": 0.7916666666666666,
      "synthetic_detection_rate": 0.5,
      "near_duplicate_rate": 0.15,
      "combination_coverage": 0.6666666666666666,
      "entropy/intent": 0.9822177815287606,
      "entropy/difficulty": 0.9755307720176264,
      "entropy/ambiguity": 0.8387794678549644,
      "entropy/style": 0.8521669194428305,
      "entropy/noise": 0.8339095981148644,
      "entropy/scenario_type": 0.9850568223215079,
      "coverage/intent": 1.0,
      "coverage/difficulty": 1.0,
      "coverage/ambiguity": 1.0,
      "coverage/style": 0.8333333333333334,
      "coverage/noise": 0.8,
      "coverage/scenario_type": 1.0
    }
  ],
  "prompt_history": [
    {
      "version": 0,
      "iteration": 0,
      "prompt": "Generate realistic customer support messages that match the requested intent\nand style. The example should be plausible for a customer support channel\n(email, chat, in-app form). Keep it short to medium length. Output a JSON\nobject with the sample id, the text, and the attribute values.\n",
      "motivation": "initial prompt",
      "feedback_summary": {},
      "timestamp": "2026-06-02T04:53:34.475331+00:00"
    },
    {
      "version": 1,
      "iteration": 1,
      "prompt": "\"\"\"Generate realistic customer support messages that align with the requested intent, style, and complexity. The messages should reflect a variety of scenarios, including edge cases and rare situations, while maintaining a balance between concise and verbose phrasing. Ensure the text is plausible for a customer support channel (email, chat, in-app form) and incorporates a mix of emotional and neutral tones. Output a JSON object with the sample id, the text, and the attribute values.\n\nForbidden phrasings: \n- Overly polite or scripted language\n- Excessive emotional expression or repetition\n- Generic or vague complaints\n- Informal language with typos\n\nFocus on producing messages that exhibit a range of difficulties, from easy to hard, and include varying levels of ambiguity. Aim for a diverse representation of styles, ensuring some messages are fragmented while others are more detailed. Avoid near-duplicates by varying phrasing and structure. The goal is to create a rich dataset that accurately reflects the complexities of customer interactions while adhering to the specified attributes.\"",
      "motivation": "The batch of synthetic samples demonstrates good coverage across all attributes, but there are some missing combinations and potential near-duplicates. The diversity of scenarios is generally well-represented, though some edge cases could be further explored.",
      "feedback_summary": {
        "iteration": 0,
        "n_attribute_failures": 15,
        "n_realism_artifacts": 9,
        "near_duplicate_rate": 0.15,
        "pack_accuracy": null,
        "mode_seeking_ratio": null,
        "n_banned_phrasings": 0,
        "missing_modes": [],
        "overrepresented_modes": [
          "fragmented",
          "concise"
        ],
        "metrics": {
          "attribute_match_rate": 0.0625,
          "discriminator_accuracy": 1.0,
          "synthetic_detection_rate": 1.0,
          "near_duplicate_rate": 0.15,
          "combination_coverage": 0.7333333333333333,
          "entropy/intent": 0.9487027337173605,
          "entropy/difficulty": 0.9755307720176264,
          "entropy/ambiguity": 0.946394630357186,
          "entropy/style": 0.9306282244165779,
          "entropy/noise": 0.8410335941990121,
          "entropy/scenario_type": 0.9850568223215079,
          "coverage/intent": 1.0,
          "coverage/difficulty": 1.0,
          "coverage/ambiguity": 1.0,
          "coverage/style": 1.0,
          "coverage/noise": 1.0,
          "coverage/scenario_type": 1.0
        }
      },
      "timestamp": "2026-06-02T04:55:18.903763+00:00"
    },
    {
      "version": 2,
      "iteration": 2,
      "prompt": "\"\"\"\"\"\"Generate realistic customer support messages that align with the requested intent, style, and complexity. The messages should cover a wide range of scenarios, including edge cases and rare situations, while balancing concise and verbose phrasing. Ensure the text is plausible for a customer support channel (email, chat, in-app form) and incorporates a mix of emotional, neutral, formal, and concise tones. Output a JSON object with the sample id, the text, and the attribute values.\n\nForbidden phrasings: \n- Overly polite or scripted language\n- Excessive emotional expression or repetition\n- Generic or vague complaints\n- Informal language with typos\n\nFocus on producing messages that exhibit varying levels of difficulty, from easy to hard, and include a spectrum of ambiguity. Ensure some messages are fragmented, while others are detailed and concise. Introduce more formal and concise styles to balance the representation and reduce redundancy in phrasing to minimize near-duplicates. Aim for a rich dataset that accurately reflects the complexities of customer interactions while adhering to the specified attributes. \n\nEncourage the inclusion of diverse intents and scenarios, particularly rare cases, to enhance the dataset's variety. Strive for messages that reflect realistic user experiences, avoiding overly structured or polished language, and incorporate elements of noise typical in genuine customer interactions.\"\"\"\"\"",
      "motivation": "The batch exhibits a good variety of intents and difficulties, but the style attribute is underrepresented in the 'formal' and 'concise' categories. Additionally, there are several instances of ambiguity and noise that could be refined for better clarity.",
      "feedback_summary": {
        "iteration": 1,
        "n_attribute_failures": 16,
        "n_realism_artifacts": 2,
        "near_duplicate_rate": 0.15,
        "pack_accuracy": null,
        "mode_seeking_ratio": null,
        "n_banned_phrasings": 0,
        "missing_modes": [
          "formal",
          "concise"
        ],
        "overrepresented_modes": [
          "fragmented",
          "emotional"
        ],
        "metrics": {
          "attribute_match_rate": 0.0,
          "discriminator_accuracy": 0.7083333333333334,
          "synthetic_detection_rate": 0.2222222222222222,