{
  "run_dir": "E:\\Projects\\PromptForge\\experiments\\task69_no_pack_vs_seed17\\full_attrforge\\20260603T041642Z",
  "n_iterations": 3,
  "final_prompt_version": 2,
  "metric_history": [
    {
      "iteration": 0.0,
      "attribute_match_rate": 0.9090909090909091,
      "discriminator_accuracy": 0.20833333333333334,
      "synthetic_detection_rate": 0.4166666666666667,
      "near_duplicate_rate": 0.25,
      "combination_coverage": 0.8666666666666667,
      "entropy/intent": 0.9905114616736054,
      "entropy/difficulty": 0.9741707427017493,
      "entropy/ambiguity": 0.987029693781109,
      "entropy/style": 0.931018185801348,
      "entropy/noise": 0.9705525394685713,
      "entropy/scenario_type": 0.9741707427017493,
      "coverage/intent": 1.0,
      "coverage/difficulty": 1.0,
      "coverage/ambiguity": 1.0,
      "coverage/style": 1.0,
      "coverage/noise": 1.0,
      "coverage/scenario_type": 1.0,
      "pack_accuracy": 0.75,
      "pack_confidence": 0.89375,
      "mode_seeking_ratio": 0.22685711702468764,
      "text_distance_mean": 0.9527067394340267,
      "banned_phrasings_total": 1.0,
      "banned_phrasings_new": 1.0,
      "coverage_classifier_auroc": 1.0
    },
    {
      "iteration": 1.0,
      "attribute_match_rate": 0.9523809523809523,
      "discriminator_accuracy": 0.8333333333333334,
      "synthetic_detection_rate": 0.75,
      "near_duplicate_rate": 0.25,
      "combination_coverage": 0.8,
      "entropy/intent": 0.997303870639173,
      "entropy/difficulty": 0.9424257960378287,
      "entropy/ambiguity": 0.9821410328348751,
      "entropy/style": 0.8559436752365888,
      "entropy/noise": 0.8964089752169341,
      "entropy/scenario_type": 0.980315378922394,
      "coverage/intent": 1.0,
      "coverage/difficulty": 1.0,
      "coverage/ambiguity": 1.0,
      "coverage/style": 0.8333333333333334,
      "coverage/noise": 1.0,
      "coverage/scenario_type": 1.0,
      "pack_accuracy": 0.375,
      "pack_confidence": 0.89375,
      "mode_seeking_ratio": 0.2307359507852149,
      "text_distance_mean": 0.9568803399232966,
      "banned_phrasings_total": 2.0,
      "banned_phrasings_new": 1.0,
      "coverage_classifier_auroc": 1.0
    },
    {
      "iteration": 2.0,
      "attribute_match_rate": 0.8636363636363636,
      "discriminator_accuracy": 1.0,
      "synthetic_detection_rate": 1.0,
      "near_duplicate_rate": 0.25,
      "combination_coverage": 0.8,
      "entropy/intent": 0.9905114616736054,
      "entropy/difficulty": 0.9477954545532472,
      "entropy/ambiguity": 0.906359331174966,
      "entropy/style": 0.995226686335856,
      "entropy/noise": 0.972959493974982,
      "entropy/scenario_type": 0.9981459752167369,
      "coverage/intent": 1.0,
      "coverage/difficulty": 1.0,
      "coverage/ambiguity": 1.0,
      "coverage/style": 1.0,
      "coverage/noise": 1.0,
      "coverage/scenario_type": 1.0,
      "pack_accuracy": 0.5,
      "pack_confidence": 0.8875,
      "mode_seeking_ratio": 0.22710096806696017,
      "text_distance_mean": 0.9498099868016342,
      "banned_phrasings_total": 3.0,
      "banned_phrasings_new": 1.0,
      "coverage_classifier_auroc": 1.0
    }
  ],
  "prompt_history": [
    {
      "version": 0,
      "iteration": 0,
      "prompt": "Generate realistic customer support messages that match the requested intent\nand style. The example should be plausible for a customer support channel\n(email, chat, in-app form). Keep it short to medium length. Output a JSON\nobject with the sample id, the text, and the attribute values.\n",
      "motivation": "initial prompt",
      "feedback_summary": {},
      "timestamp": "2026-06-03T04:16:42.490297+00:00"
    },
    {
      "version": 1,
      "iteration": 1,
      "prompt": "\"\"\"Generate realistic customer support messages that match the requested intent and style. The example should be plausible for a customer support channel (email, chat, in-app form). Keep it short to medium length, ensuring a formal tone and structured format. Output a JSON object with the sample id, the text, and the attribute values.\n\n**Forbidden phrasings:**\n- 'I am experiencing an unexpected error'\n\n**Preferred phrasings:**\n- \"Is the pro plan billed monthly or yearly?\"\n- \"I want my money back. This product does not do what your ads claim.\"\n- \"Hi team, quick one - does the API have a rate limit on the search endpoint?\"\n- \"Ordered 2 items, only got 1. Want a refund on the missing one, not a reship.\"\n\nEnsure the generated messages cover a diverse range of scenarios, including:\n- Formal complaints with detailed explanations.\n- Technical problems expressed in a more casual tone.\n- General questions that explore unique or uncommon situations.\n\nVary the emotional tone and complexity of requests to avoid repetitive patterns. Aim for unique sentence structures and vocabulary, especially for technical problems and complaints. Address different difficulty levels and scenario types to enhance the richness of the output. The goal is to create messages that feel authentic and varied, reflecting real customer interactions while adhering to the specified attributes.\"\"\"",
      "motivation": "The batch exhibits a high level of surface diversity with varied intents and styles; however, there is significant redundancy in phrasing and structure, particularly within the technical problem and complaint categories. Many samples utilize similar constructions, leading to a lack of nuanced variation.",
      "feedback_summary": {
        "iteration": 0,
        "n_attribute_failures": 2,
        "n_realism_artifacts": 17,
        "near_duplicate_rate": 0.25,
        "pack_accuracy": 0.75,
        "mode_seeking_ratio": 0.22685711702468764,
        "n_banned_phrasings": 1,
        "missing_modes": [
          "A more formal complaint style that includes detailed explanations.",
          "Technical problems expressed in a more casual tone.",
          "General questions that explore unique or uncommon scenarios."
        ],
        "overrepresented_modes": [
          "Concise phrasing in refund requests and general questions.",
          "Emotional expressions in complaints and account issues.",
          "Fragmented styles in technical problems."
        ],
        "metrics": {
          "attribute_match_rate": 0.9090909090909091,
          "discriminator_accuracy": 0.20833333333333334,
          "synthetic_detection_rate": 0.4166666666666667,
          "near_duplicate_rate": 0.25,
          "combination_coverage": 0.8666666666666667,
          "entropy/intent": 0.9905114616736054,
          "entropy/difficulty": 0.9741707427017493,
          "entropy/ambiguity": 0.987029693781109,
          "entropy/style": 0.931018185801348,
          "entropy/noise": 0.9705525394685713,
          "entropy/scenario_type": 0.9741707427017493,
          "coverage/intent": 1.0,
          "coverage/difficulty": 1.0,
          "coverage/ambiguity": 1.0,
          "coverage/style": 1.0,
          "coverage/noise": 1.0,
          "coverage/scenario_type": 1.0,
          "pack_accuracy": 0.75,
          "pack_confidence": 0.89375,
          "mode_seeking_ratio": 0.22685711702468764,
          "text_distance_mean": 0.9527067394340267,
          "banned_phrasings_total": 1.0,
          "banned_phrasings_new": 1.0,
          "coverage_classifier_auroc": 1.0
        }
      },
      "timestamp": "2026-06-03T04:18:35.420760+00:00"
    },
    {
      "version": 2,
      "iteration": 2,