{
  "attribute_match_rate": 0.8260869565217391,
  "discriminator_accuracy": 0.375,
  "synthetic_detection_rate": 0.5714285714285714,
  "near_duplicate_rate": 0.25,
  "combination_coverage": 0.8666666666666667,
  "entropy/intent": 0.9909775756786534,
  "entropy/difficulty": 0.9659535505394684,
  "entropy/ambiguity": 0.9876197168461961,
  "entropy/style": 0.9296413565956573,
  "entropy/noise": 0.9718864326999251,
  "entropy/scenario_type": 0.9659535505394684,
  "coverage/intent": 1.0,
  "coverage/difficulty": 1.0,
  "coverage/ambiguity": 1.0,
  "coverage/style": 1.0,
  "coverage/noise": 1.0,
  "coverage/scenario_type": 1.0,
  "pack_accuracy": 0.75,
  "pack_confidence": 0.9,
  "mode_seeking_ratio": 0.22711435277331354,
  "text_distance_mean": 0.952494180764037,
  "banned_phrasings_total": 2.0,
  "banned_phrasings_new": 2.0,
  "coverage_classifier_auroc": 1.0
}