{
  "attribute_match_rate": 0.9047619047619048,
  "discriminator_accuracy": 0.16666666666666666,
  "synthetic_detection_rate": 0.36363636363636365,
  "near_duplicate_rate": 0.25,
  "combination_coverage": 0.8666666666666667,
  "entropy/intent": 0.997303870639173,
  "entropy/difficulty": 0.9748830897462034,
  "entropy/ambiguity": 0.9526841246715824,
  "entropy/style": 0.8510681783982296,
  "entropy/noise": 0.9529073308031801,
  "entropy/scenario_type": 0.9584114221179828,
  "coverage/intent": 1.0,
  "coverage/difficulty": 1.0,
  "coverage/ambiguity": 1.0,
  "coverage/style": 1.0,
  "coverage/noise": 1.0,
  "coverage/scenario_type": 1.0,
  "mode_seeking_ratio": 0.23043844581990866,
  "text_distance_mean": 0.960131915200603,
  "banned_phrasings_total": 5.0,
  "banned_phrasings_new": 2.0,
  "coverage_classifier_auroc": 1.0
}