{
  "attribute_match_rate": 1.0,
  "discriminator_accuracy": 0.08333333333333333,
  "synthetic_detection_rate": 0.0,
  "near_duplicate_rate": 0.3,
  "combination_coverage": 0.4666666666666667,
  "entropy/intent": 1.0000000000000002,
  "entropy/difficulty": 0.6126016192893442,
  "entropy/ambiguity": 0.8173454221465101,
  "entropy/style": 0.9464119282150146,
  "entropy/noise": 0.7952181416542046,
  "entropy/scenario_type": 0.9911594714322187,
  "coverage/intent": 1.0,
  "coverage/difficulty": 0.6666666666666666,
  "coverage/ambiguity": 1.0,
  "coverage/style": 1.0,
  "coverage/noise": 0.8,
  "coverage/scenario_type": 1.0,
  "mode_seeking_ratio": 0.23028199576121824,
  "text_distance_mean": 0.9695201435733252,
  "banned_phrasings_total": 0.0,
  "banned_phrasings_new": 0.0,
  "coverage_classifier_auroc": 1.0
}