{
  "mode_seeking_ratio": 0.23028199576121824,
  "n_pairs": 45,
  "text_distance_mean": 0.9695201435733252,
  "target_distance_mean": 4.4222222222222225,
  "attribute_sensitivity": {
    "noise": 0.0,
    "scenario_type": 0.0,
    "intent": 0.0,
    "difficulty": 0.0,
    "style": 0.0,
    "ambiguity": 0.0
  }
}