{
  "mode_seeking_ratio": 0.22511746181375206,
  "n_pairs": 120,
  "text_distance_mean": 0.9454814536919476,
  "target_distance_mean": 4.583333333333333,
  "attribute_sensitivity": {
    "difficulty": 0.0,
    "intent": 0.8973327366233247,
    "style": 0.0,
    "ambiguity": 0.0,
    "scenario_type": 0.0,
    "noise": 0.0
  }
}