{
  "run_dir": "E:\\Projects\\PromptForge\\experiments\\banking77_run_001_seed17\\full_attrforge\\20260602T041137Z",
  "n_iterations": 3,
  "final_prompt_version": 2,
  "metric_history": [
    {
      "iteration": 0.0,
      "attribute_match_rate": 0.3125,
      "discriminator_accuracy": 0.7916666666666666,
      "synthetic_detection_rate": 0.0,
      "near_duplicate_rate": 0.25,
      "combination_coverage": 0.4666666666666667,
      "entropy/intent": 0.837055764846063,
      "entropy/difficulty": 0.9965119062478287,
      "entropy/ambiguity": 0.9755307720176264,
      "entropy/style": 0.8616051493362594,
      "entropy/noise": 0.9822177815287606,
      "entropy/scenario_type": 0.8957541375001009,
      "coverage/intent": 0.8,
      "coverage/difficulty": 1.0,
      "coverage/ambiguity": 1.0,
      "coverage/style": 0.8333333333333334,
      "coverage/noise": 1.0,
      "coverage/scenario_type": 1.0,
      "pack_accuracy": 0.625,
      "pack_confidence": 0.89375,
      "mode_seeking_ratio": 0.21523303872855457,
      "text_distance_mean": 0.9354626687549216,
      "banned_phrasings_total": 3.0,
      "banned_phrasings_new": 3.0,
      "coverage_classifier_auroc": 1.0
    },
    {
      "iteration": 1.0,
      "attribute_match_rate": 0.25,
      "discriminator_accuracy": 0.9166666666666666,
      "synthetic_detection_rate": 0.0,
      "near_duplicate_rate": 0.15,
      "combination_coverage": 0.43333333333333335,
      "entropy/intent": 0.8136297517320067,
      "entropy/difficulty": 0.8868595071429147,
      "entropy/ambiguity": 0.9497012164384108,
      "entropy/style": 0.9488801212514659,
      "entropy/noise": 0.9592101522724051,
      "entropy/scenario_type": 0.9497012164384108,
      "coverage/intent": 0.7,
      "coverage/difficulty": 1.0,
      "coverage/ambiguity": 1.0,
      "coverage/style": 1.0,
      "coverage/noise": 1.0,
      "coverage/scenario_type": 1.0,
      "pack_accuracy": 0.375,
      "pack_confidence": 0.89375,
      "mode_seeking_ratio": 0.21676575934595024,
      "text_distance_mean": 0.9360718371982271,
      "banned_phrasings_total": 7.0,
      "banned_phrasings_new": 4.0,
      "coverage_classifier_auroc": 1.0
    },
    {
      "iteration": 2.0,
      "attribute_match_rate": 0.25,
      "discriminator_accuracy": 0.9166666666666666,
      "synthetic_detection_rate": 1.0,
      "near_duplicate_rate": 0.15,
      "combination_coverage": 0.43333333333333335,
      "entropy/intent": 0.7760010022740091,
      "entropy/difficulty": 0.9850568223215079,
      "entropy/ambiguity": 0.9850568223215079,
      "entropy/style": 0.9099617502405772,
      "entropy/noise": 0.9487027337173605,
      "entropy/scenario_type": 0.9497012164384108,
      "coverage/intent": 0.7,
      "coverage/difficulty": 1.0,
      "coverage/ambiguity": 1.0,
      "coverage/style": 1.0,
      "coverage/noise": 1.0,
      "coverage/scenario_type": 1.0,
      "pack_accuracy": 0.375,
      "pack_confidence": 0.88125,
      "mode_seeking_ratio": 0.22006418567182287,
      "text_distance_mean": 0.9471965802463392,
      "banned_phrasings_total": 11.0,
      "banned_phrasings_new": 4.0,
      "coverage_classifier_auroc": 1.0
    }
  ],
  "prompt_history": [
    {
      "version": 0,
      "iteration": 0,
      "prompt": "Generate realistic banking customer-support messages that match the requested intent\nand style. The example should be plausible for a customer support channel\n(email, chat, in-app form). Keep it short to medium length. Output a JSON\nobject with the sample id, the text, and the attribute values.\n",
      "motivation": "initial prompt",
      "feedback_summary": {},
      "timestamp": "2026-06-02T04:11:37.900931+00:00"
    },
    {
      "version": 1,
      "iteration": 1,
      "prompt": "\"\"\"Generate realistic banking customer-support messages that align with the requested intent and style. Ensure the messages are plausible for a customer support channel (email, chat, in-app form) and vary in structure and tone. Include a mix of intents, such as 'lost_or_stolen_card', 'pending_card_payment', and 'card_payment_wrong_exchange_rate', while incorporating diverse styles like formal, concise, and fragmented. Keep the messages short to medium length, avoiding repetitive phrasing and ensuring clarity. Output a JSON object with the sample id, the text, and the attribute values.\n\nForbidden phrasings:\n- 'I think my payment still not go through'\n- \"I can't believe this! I made a payment, but it's not showing up anywhere.\"\n- 'I think my card got stuck in the ATM'\n\nAim for a balance of attributes: ensure that the intent is clear, the style is appropriate, and the messages contain relevant details without unnecessary noise. Strive for a medium level of difficulty and avoid ambiguity. Each message should reflect a unique scenario, reducing near-duplicate phrasings and enhancing the overall diversity of the generated examples.\"\"\"",
      "motivation": "The batch exhibits a good variety of intents and scenarios, but there are some missing attribute values and combinations, particularly in the style category. Additionally, there are near-duplicate phrasings that could be addressed.",
      "feedback_summary": {
        "iteration": 0,
        "n_attribute_failures": 11,
        "n_realism_artifacts": 4,
        "near_duplicate_rate": 0.25,
        "pack_accuracy": 0.625,
        "mode_seeking_ratio": 0.21523303872855457,
        "n_banned_phrasings": 3,
        "missing_modes": [
          "intent: lost_or_stolen_card",
          "style: formal",
          "style: concise",
          "style: fragmented"
        ],
        "overrepresented_modes": [
          "intent: card_swallowed",
          "intent: declined_card_payment"
        ],
        "metrics": {
          "attribute_match_rate": 0.3125,
          "discriminator_accuracy": 0.7916666666666666,
          "synthetic_detection_rate": 0.0,
          "near_duplicate_rate": 0.25,
          "combination_coverage": 0.4666666666666667,
          "entropy/intent": 0.837055764846063,
          "entropy/difficulty": 0.9965119062478287,
          "entropy/ambiguity": 0.9755307720176264,
          "entropy/style": 0.8616051493362594,
          "entropy/noise": 0.9822177815287606,
          "entropy/scenario_type": 0.8957541375001009,
          "coverage/intent": 0.8,
          "coverage/difficulty": 1.0,
          "coverage/ambiguity": 1.0,
          "coverage/style": 0.8333333333333334,
          "coverage/noise": 1.0,
          "coverage/scenario_type": 1.0,
          "pack_accuracy": 0.625,
          "pack_confidence": 0.89375,
          "mode_seeking_ratio": 0.21523303872855457,
          "text_distance_mean": 0.9354626687549216,
          "banned_phrasings_total": 3.0,
          "banned_phrasings_new": 3.0,
          "coverage_classifier_auroc": 1.0
        }
      },
      "timestamp": "2026-06-02T04:13:07.248262+00:00"
    },
    {
      "version": 2,
      "iteration": 2,